GameweekRank,Date,KickoffUTC,FPLGameweek,HomeTeam,AwayTeam,MarketType,Selection,Line,Bookmaker,BookmakerKey,BookLastUpdate,QuoteCapturedAt,PriceSource,PriceTimestampUTC,PriceAgeMinutes,PriceFreshnessStatus,MyBookieOdds,RawModelWinProbability,RawModelEffectiveProbability,RawModelFairOdds,RawExpectedReturnPerUnit,ModelWinProbability,DecisionEffectiveProbability,PushProbability,ModelFairOdds,MyBookieImpliedProbability,ConsensusFairProbability,ConsensusBookCount,MarketPriorSource,RawModelMarketGap,ProbabilityEdge,DecisionStatus,ExpectedReturnPerUnit,ExpectedProfitPer100,ValidationFactor,ValidationStatus,BetQualityScore,ProfitabilityScore,OverallRankScore,Grade,Lambda_Home_xG,Lambda_Away_xG,MostLikelyScore,ModelVersion,V13Status,V13Reason,V13QuoteAgeMinutes,V13ScenarioProbability,V13ScenarioEV,V13ScenarioEdge,V13ScenarioAssumption,V13LineupsVerified,V13IndependentV2,V13Priority,V13PreferredForMatch,V13PolicyVersion
5,2026-10-11,2026-10-11T13:00:00+00:00,6,Crystal Palace,Nott'm Forest,Spread,Crystal Palace +0.5,0.5,MyBookie.ag,mybookieag,2026-10-10T19:38:06Z,2026-10-10T19:40:00.662237+00:00,odds_api_mybookie_direct,2026-10-10 19:38:06+00:00,1.9354984833333333,FRESH,1.5,0.7270031292905902,0.7270031292905902,1.3755098977026416,0.0905046939358852,0.68582593772473,0.68582593772473,0.0,1.458095917628257,0.6666666666666666,0.6240601503759399,1,mybookie_devig_fallback,0.1029429789146503,0.0617657873487901,REVIEW_LOW_MARKET_SUPPORT,0.0287389065870949,2.8738906587094992,0.84,"Derived, live validation building",60.67060553897812,19.15927105806333,42.88003361858605,D,1.7632206550035483,1.2929247286641463,1-1,V1.2,NO_BET,EXISTING_EDGE_GATE_NOT_PASSED,5.929920516666667,0.6713364081049237,0.007004612157385459,0.004669741438257047,Research stress test for Mateta and Palace defensive absences; not a measured player effect,False,False,0.68582593772473,False,V1.3-gates-1
3,2026-10-11,2026-10-11T13:00:00+00:00,6,Hull City,Everton,Spread,Hull City +0.5,0.5,MyBookie.ag,mybookieag,2026-10-10T19:38:06Z,2026-10-10T19:40:00.662237+00:00,odds_api_mybookie_direct,2026-10-10 19:38:06+00:00,1.9354984833333333,FRESH,1.7,0.6963487161539862,0.6963487161539862,1.436062100499179,0.1837928174617765,0.6394587142284742,0.6394587142284742,0.0,1.5638226170809626,0.5882352941176471,0.5541237113402062,3,consensus_non_mybookie,0.1422250048137799,0.085335002888268,BET_ELIGIBLE,0.0870798141884061,8.707981418840616,0.84,"Derived, live validation building",68.56190319439477,58.05320945893744,64.05817730777021,C,1.245783228205348,1.0628350970078984,1-1,V1.2,NO_BET,SCENARIO_SENSITIVE_NO_BET,5.929920516666667,0.6122191620780733,0.0407725755327244,0.023983867960426175,Research stress test for extensive Hull absences compared with Everton; not a measured player effect,False,False,0.6394587142284742,False,V1.3-gates-1
7,2026-10-11,2026-10-11T15:30:00+00:00,6,Liverpool,Man City,Spread,Liverpool +0.5,0.5,MyBookie.ag,mybookieag,2026-10-10T19:38:06Z,2026-10-10T19:40:00.662237+00:00,odds_api_mybookie_direct,2026-10-10 19:38:06+00:00,1.9354984833333333,FRESH,1.62,0.6557937535249185,0.6557937535249185,1.524869663099044,0.0623858807103681,0.624285651592758,0.624285651592758,0.0,1.6018308244770183,0.6172839506172839,0.577023498694517,1,mybookie_devig_fallback,0.0787702548304015,0.0472621528982409,REVIEW,0.0113427555802679,1.1342755580267927,0.84,"Derived, live validation building",54.54926480618478,7.561837053511952,34.411795769325,D,1.7834204926784762,1.6138337141982388,1-1,V1.2,NO_BET,EXISTING_EDGE_GATE_NOT_PASSED,5.929920516666667,0.5937479505755885,-0.03812832006754663,-0.023536000041695426,Research stress test for Isak and Gakpo absences and City available attack; City Foden suspended; not a measured player effect,False,False,0.624285651592758,False,V1.3-gates-1
8,2026-10-11,2026-10-11T15:30:00+00:00,6,Liverpool,Man City,Total,Over 2.5,2.5,MyBookie.ag,mybookieag,2026-10-10T19:38:06Z,2026-10-10T19:40:00.662237+00:00,odds_api_mybookie_direct,2026-10-10 19:38:06+00:00,1.9354984833333333,FRESH,1.57,0.6248395681757544,0.6248395681757544,1.6004108109215016,-0.0190018779640656,0.6156116688536037,0.6156116688536037,0.0,1.624400658067783,0.6369426751592356,0.5984741415410384,2,consensus_non_mybookie,0.0263654266347159,0.0171375273125653,NO_BET,-0.033489679899842,-3.3489679899842084,1.0,Calibrated O/U 2.5,48.66988946020783,0.0,27.811365405833044,PASS,1.7834204926784762,1.6138337141982388,1-1,V1.2,NO_BET,EXISTING_EDGE_GATE_NOT_PASSED,5.929920516666667,0.6242637202570543,-0.019905959196424683,-0.012678954902181294,Research stress test for Isak and Gakpo absences and City available attack; City Foden suspended; not a measured player effect,False,False,0.6156116688536037,False,V1.3-gates-1
11,2026-10-12,2026-10-12T19:00:00+00:00,6,Coventry City,Newcastle,Spread,Coventry City +0.5,0.5,MyBookie.ag,mybookieag,2026-10-10T19:38:06Z,2026-10-10T19:40:00.662237+00:00,odds_api_mybookie_direct,2026-10-10 19:38:06+00:00,1.9354984833333333,FRESH,1.66,0.5782728592105117,0.5782728592105117,1.729287453271198,-0.0400670537105505,0.5737678392376473,0.5737678392376473,0.0,1.7428652001978326,0.6024096385542169,0.5670103092783505,3,consensus_non_mybookie,0.0112625499321612,0.0067575299592967,NO_BET,-0.0475453868655055,-4.754538686550553,0.84,"Derived, live validation building",41.7179492604189,0.0,23.8388281488108,PASS,1.3214365607213,1.5641291807165283,1-1,V1.2,NO_BET,EXISTING_EDGE_GATE_NOT_PASSED,5.929920516666667,,,,,False,False,0.5737678392376473,False,V1.3-gates-1
10,2026-10-12,2026-10-12T19:00:00+00:00,6,Coventry City,Newcastle,Total,Over 2.5,2.5,MyBookie.ag,mybookieag,2026-10-10T19:38:06Z,2026-10-10T19:40:00.662237+00:00,odds_api_mybookie_direct,2026-10-10 19:38:06+00:00,1.9354984833333333,FRESH,1.62,0.5432820170551084,0.5432820170551084,1.8406646430532672,-0.1198831323707244,0.5507486957012051,0.5507486957012051,0.0,1.8157101556578628,0.6172839506172839,0.5646153846153846,4,consensus_non_mybookie,0.0213333675602762,-0.0138666889141795,NO_BET,-0.1077871129640477,-10.778711296404769,1.0,Calibrated O/U 2.5,42.537434785060256,0.0,24.307105591463,PASS,1.3214365607213,1.5641291807165283,1-1,V1.2,NO_BET,EXISTING_EDGE_GATE_NOT_PASSED,5.929920516666667,,,,,False,False,0.5507486957012051,False,V1.3-gates-1
9,2026-10-11,2026-10-11T13:00:00+00:00,6,Hull City,Everton,Total,Under 2.5,2.5,MyBookie.ag,mybookieag,2026-10-10T19:38:06Z,2026-10-10T19:40:00.662237+00:00,odds_api_mybookie_direct,2026-10-10 19:38:06+00:00,1.9354984833333333,FRESH,1.79,0.5632254645993451,0.5632254645993451,1.7754879046730565,0.0081735816328277,0.5487641477838019,0.5487641477838019,0.0,1.8222764807768976,0.5586592178770949,0.521907416554936,6,consensus_non_mybookie,0.041318048044409,0.0268567312288658,NO_BET,-0.0177121754669946,-1.7712175466994606,1.0,Calibrated O/U 2.5,48.088576682466034,0.0,27.479186675694876,PASS,1.245783228205348,1.0628350970078984,1-1,V1.2,NO_BET,EXISTING_EDGE_GATE_NOT_PASSED,5.929920516666667,0.5677654919221145,0.016300230540584826,0.009106274045019513,Research stress test for extensive Hull absences compared with Everton; not a measured player effect,False,False,0.5487641477838019,False,V1.3-gates-1
6,2026-10-11,2026-10-11T13:00:00+00:00,6,Crystal Palace,Nott'm Forest,Total,Over 2.5,2.5,MyBookie.ag,mybookieag,2026-10-10T19:38:06Z,2026-10-10T19:40:00.662237+00:00,odds_api_mybookie_direct,2026-10-10 19:38:06+00:00,1.9354984833333333,FRESH,1.86,0.5717857786640571,0.5717857786640571,1.7489067362543356,0.0635215483151462,0.5484932168646214,0.5484932168646214,0.0,1.8231766031972991,0.5376344086021505,0.5052356020942408,6,consensus_non_mybookie,0.0665501765698163,0.0432576147703805,REVIEW,0.0201973833681958,2.0197383368195823,1.0,Calibrated O/U 2.5,54.709202932665335,13.464922245463882,37.03308263815042,D,1.7632206550035483,1.2929247286641463,1-1,V1.2,NO_BET,EXISTING_EDGE_GATE_NOT_PASSED,5.929920516666667,0.5505176017184144,0.023962739196250693,0.012883193116263847,Research stress test for Mateta and Palace defensive absences; not a measured player effect,False,False,0.5484932168646214,False,V1.3-gates-1
13,2026-10-11,2026-10-11T13:00:00+00:00,6,Crystal Palace,Nott'm Forest,Total,Under 2.5,2.5,MyBookie.ag,mybookieag,2026-10-10T19:38:06Z,2026-10-10T19:40:00.662237+00:00,odds_api_mybookie_direct,2026-10-10 19:38:06+00:00,1.9354984833333333,FRESH,1.88,0.4282142213359429,0.4282142213359429,2.3352797505888514,-0.1949572638884274,0.4515067831353785,0.4515067831353785,0.0,2.2148061498782905,0.5319148936170213,0.4947643979057591,6,consensus_non_mybookie,0.0665501765698162,-0.0432576147703805,NO_BET,-0.1511672477054884,-15.11672477054884,1.0,Calibrated O/U 2.5,37.575339156768926,0.0,21.471622375296526,PASS,1.7632206550035483,1.2929247286641463,1-1,V1.2,NO_BET,EXISTING_EDGE_GATE_NOT_PASSED,5.929920516666667,0.4494823982815855,-0.1549730912306193,-0.08243249533543578,Research stress test for Mateta and Palace defensive absences; not a measured player effect,False,False,0.4515067831353785,False,V1.3-gates-1
14,2026-10-11,2026-10-11T13:00:00+00:00,6,Hull City,Everton,Total,Over 2.5,2.5,MyBookie.ag,mybookieag,2026-10-10T19:38:06Z,2026-10-10T19:40:00.662237+00:00,odds_api_mybookie_direct,2026-10-10 19:38:06+00:00,1.9354984833333333,FRESH,1.96,0.436774535400655,0.436774535400655,2.28951076344846,-0.1439219106147163,0.4512358522161981,0.4512358522161981,0.0,2.2161359632409607,0.5102040816326531,0.4780925834450639,6,consensus_non_mybookie,0.0413180480444089,-0.0268567312288657,NO_BET,-0.1155777296562517,-11.557772965625174,1.0,Calibrated O/U 2.5,37.56179261080991,0.0,21.46388149189137,PASS,1.245783228205348,1.0628350970078984,1-1,V1.2,NO_BET,EXISTING_EDGE_GATE_NOT_PASSED,5.929920516666667,0.43223450807788544,-0.15282036416734457,-0.07796957355476763,Research stress test for extensive Hull absences compared with Everton; not a measured player effect,False,False,0.4512358522161981,False,V1.3-gates-1
12,2026-10-12,2026-10-12T19:00:00+00:00,6,Coventry City,Newcastle,Total,Under 2.5,2.5,MyBookie.ag,mybookieag,2026-10-10T19:38:06Z,2026-10-10T19:40:00.662237+00:00,odds_api_mybookie_direct,2026-10-10 19:38:06+00:00,1.9354984833333333,FRESH,2.15,0.4567179829448916,0.4567179829448916,2.1895349807600235,-0.0180563366684831,0.4492513042987949,0.4492513042987949,0.0,2.2259256465839994,0.4651162790697674,0.4353846153846153,4,consensus_non_mybookie,0.0213333675602762,0.0138666889141795,NO_BET,-0.034109695757591,-3.410969575759104,1.0,Calibrated O/U 2.5,40.24336845736131,0.0,22.996210547063605,PASS,1.3214365607213,1.5641291807165283,1-1,V1.2,NO_BET,EXISTING_EDGE_GATE_NOT_PASSED,5.929920516666667,,,,,False,False,0.4492513042987949,False,V1.3-gates-1
16,2026-10-12,2026-10-12T19:00:00+00:00,6,Coventry City,Newcastle,Spread,Newcastle -0.5,-0.5,MyBookie.ag,mybookieag,2026-10-10T19:38:06Z,2026-10-10T19:40:00.662237+00:00,odds_api_mybookie_direct,2026-10-10 19:38:06+00:00,1.9354984833333333,FRESH,2.09,0.4217271407894887,0.4217271407894887,2.371201431636492,-0.1185902757499686,0.426232160762353,0.426232160762353,0.0,2.346139245361996,0.4784688995215311,0.4329896907216495,3,consensus_non_mybookie,0.0112625499321607,-0.0067575299592964,NO_BET,-0.1091747840066821,-10.917478400668218,0.84,"Derived, live validation building",33.91160803811765,0.0,19.378061736067227,PASS,1.3214365607213,1.5641291807165283,1-1,V1.2,NO_BET,EXISTING_EDGE_GATE_NOT_PASSED,5.929920516666667,,,,,False,False,0.426232160762353,False,V1.3-gates-1
2,2026-10-11,2026-10-11T13:00:00+00:00,6,Crystal Palace,Nott'm Forest,Moneyline,Crystal Palace,,MyBookie.ag,mybookieag,2026-10-10T19:38:06Z,2026-10-10T19:40:00.662237+00:00,odds_api_mybookie_direct,2026-10-10 19:38:06+00:00,1.9354984833333333,FRESH,2.71,0.4763943730170245,0.4763943730170245,2.09910119984617,0.2910287508761363,0.4184669238381506,0.4184669238381506,0.0,2.38967512850972,0.3690036900369003,0.3476667081750825,8,consensus_non_mybookie,0.1287276648419419,0.0708002156630681,BET_ELIGIBLE,0.1340453636013883,13.404536360138833,0.88,"Derived, live validation building",66.33128482215048,89.36357573425887,76.20226664162551,B,1.7632206550035483,1.2929247286641463,1-1,V1.2,NO_BET,SCENARIO_SENSITIVE_NO_BET,5.929920516666667,0.402099254863478,0.0896889806800254,0.033095564826577606,Research stress test for Mateta and Palace defensive absences; not a measured player effect,False,False,0.4184669238381506,False,V1.3-gates-1
15,2026-10-11,2026-10-11T15:30:00+00:00,6,Liverpool,Man City,Total,Under 2.5,2.5,MyBookie.ag,mybookieag,2026-10-10T19:38:06Z,2026-10-10T19:40:00.662237+00:00,odds_api_mybookie_direct,2026-10-10 19:38:06+00:00,1.9354984833333333,FRESH,2.31,0.3751604318242456,0.3751604318242456,2.665526306005741,-0.1333794024859926,0.3843883311463961,0.3843883311463961,0.0,2.601535788085995,0.4329004329004329,0.4015258584589614,2,consensus_non_mybookie,0.0263654266347158,-0.0171375273125652,NO_BET,-0.1120629550518248,-11.206295505182483,1.0,Calibrated O/U 2.5,34.2194165573198,0.0,19.553952318468458,PASS,1.7834204926784762,1.6138337141982388,1-1,V1.2,NO_BET,EXISTING_EDGE_GATE_NOT_PASSED,5.929920516666667,0.3757362797429456,-0.13204919379379565,-0.057164153157487296,Research stress test for Isak and Gakpo absences and City available attack; City Foden suspended; not a measured player effect,False,False,0.3843883311463961,False,V1.3-gates-1
19,2026-10-11,2026-10-11T15:30:00+00:00,6,Liverpool,Man City,Spread,Man City -0.5,-0.5,MyBookie.ag,mybookieag,2026-10-10T19:38:06Z,2026-10-10T19:40:00.662237+00:00,odds_api_mybookie_direct,2026-10-10 19:38:06+00:00,1.9354984833333333,FRESH,2.21,0.3442062464750814,0.3442062464750814,2.9052348998332143,-0.2393041952900699,0.3757143484072421,0.3757143484072421,0.0,2.661596514051909,0.4524886877828054,0.422976501305483,1,mybookie_devig_fallback,0.0787702548304015,-0.0472621528982409,NO_BET,-0.169671290019995,-16.967129001999503,0.84,"Derived, live validation building",31.385717420362106,0.0,17.934695668778343,PASS,1.7834204926784762,1.6138337141982388,1-1,V1.2,NO_BET,EXISTING_EDGE_GATE_NOT_PASSED,5.929920516666667,0.4062520494244117,-0.10218297077205019,-0.046236638358393756,Research stress test for Isak and Gakpo absences and City available attack; City Foden suspended; not a measured player effect,False,False,0.3757143484072421,False,V1.3-gates-1
4,2026-10-11,2026-10-11T15:30:00+00:00,6,Liverpool,Man City,Moneyline,Liverpool,,MyBookie.ag,mybookieag,2026-10-10T19:38:06Z,2026-10-10T19:40:00.662237+00:00,odds_api_mybookie_direct,2026-10-10 19:38:06+00:00,1.9354984833333333,FRESH,2.92,0.4146485780737128,0.4146485780737128,2.411680765060355,0.2107738479752413,0.3744989862504799,0.3744989862504799,0.0,2.670234197459642,0.3424657534246575,0.3254272629109729,8,consensus_non_mybookie,0.0892213151627398,0.0490717233395069,REVIEW,0.0935370398514012,9.353703985140127,0.88,"Derived, live validation building",57.04393128651921,62.35802656760085,59.321400692697054,D,1.7834204926784762,1.6138337141982388,1-1,V1.2,NO_BET,EXISTING_EDGE_GATE_NOT_PASSED,5.929920516666667,0.34403676876848405,0.0045873648039733705,0.0015710153438265317,Research stress test for Isak and Gakpo absences and City available attack; City Foden suspended; not a measured player effect,False,False,0.3744989862504799,False,V1.3-gates-1
18,2026-10-11,2026-10-11T13:00:00+00:00,6,Hull City,Everton,Moneyline,Everton,,MyBookie.ag,mybookieag,2026-10-10T19:38:06Z,2026-10-10T19:40:00.662237+00:00,odds_api_mybookie_direct,2026-10-10 19:38:06+00:00,1.9354984833333333,FRESH,2.12,0.3036512838460137,0.3036512838460137,3.2932513485011827,-0.3562592782464509,0.3694390483667736,0.3694390483667736,0.0,2.706806452703978,0.4716981132075471,0.4498463161143691,8,consensus_non_mybookie,0.1461950322683554,-0.0804072677475954,NO_BET,-0.2167892174624398,-21.67892174624398,0.88,"Derived, live validation building",31.671952418338684,0.0,18.09825852476496,PASS,1.245783228205348,1.0628350970078984,1-1,V1.2,NO_BET,EXISTING_EDGE_GATE_NOT_PASSED,5.929920516666667,0.3944086378379745,-0.16385368778349407,-0.07728947536957265,Research stress test for extensive Hull absences compared with Everton; not a measured player effect,False,False,0.3694390483667736,False,V1.3-gates-1
20,2026-10-11,2026-10-11T13:00:00+00:00,6,Hull City,Everton,Spread,Everton -0.5,-0.5,MyBookie.ag,mybookieag,2026-10-10T19:38:06Z,2026-10-10T19:40:00.662237+00:00,odds_api_mybookie_direct,2026-10-10 19:38:06+00:00,1.9354984833333333,FRESH,2.07,0.3036512838460137,0.3036512838460137,3.2932513485011823,-0.3714418424387516,0.3605412857715258,0.3605412857715258,0.0,2.773607460405236,0.4830917874396135,0.4458762886597938,3,consensus_non_mybookie,0.14222500481378,-0.085335002888268,NO_BET,-0.2536795384529417,-25.36795384529417,0.84,"Derived, live validation building",30.62706428857629,0.0,17.501179593472166,PASS,1.245783228205348,1.0628350970078984,1-1,V1.2,NO_BET,EXISTING_EDGE_GATE_NOT_PASSED,5.929920516666667,0.3877808379219267,-0.19729366550161176,-0.09531094951768687,Research stress test for extensive Hull absences compared with Everton; not a measured player effect,False,False,0.3605412857715258,False,V1.3-gates-1
1,2026-10-11,2026-10-11T13:00:00+00:00,6,Hull City,Everton,Moneyline,Hull City,,MyBookie.ag,mybookieag,2026-10-10T19:38:06Z,2026-10-10T19:40:00.662237+00:00,odds_api_mybookie_direct,2026-10-10 19:38:06+00:00,1.9354984833333333,FRESH,3.46,0.3937492460995948,0.3937492460995948,2.5396874023399665,0.362372391504598,0.3366124484802105,0.3366124484802105,0.0,2.97077545561655,0.2890173410404624,0.2667785847231853,8,consensus_non_mybookie,0.1269706613764094,0.0698338637570252,BET_ELIGIBLE,0.1646790717415285,16.467907174152852,0.88,"Derived, live validation building",65.03062242401053,100.0,80.01749852800602,B,1.245783228205348,1.0628350970078984,1-1,V1.2,NO_BET,SCENARIO_SENSITIVE_NO_BET,5.929920516666667,0.3116648182792389,0.07836027124616662,0.02264747723877647,Research stress test for extensive Hull absences compared with Everton; not a measured player effect,False,False,0.3366124484802105,False,V1.3-gates-1
22,2026-10-11,2026-10-11T13:00:00+00:00,6,Crystal Palace,Nott'm Forest,Spread,Nott'm Forest -0.5,-0.5,MyBookie.ag,mybookieag,2026-10-10T19:38:06Z,2026-10-10T19:40:00.662237+00:00,odds_api_mybookie_direct,2026-10-10 19:38:06+00:00,1.9354984833333333,FRESH,2.49,0.2729968707094097,0.2729968707094097,3.663045651041346,-0.3202377919335697,0.3141740622752699,0.3141740622752699,0.0,3.182948944791725,0.4016064257028112,0.3759398496240601,1,mybookie_devig_fallback,0.1029429789146503,-0.0617657873487902,NO_BET,-0.2177065849345779,-21.77065849345779,0.84,"Derived, live validation building",28.308703113763496,0.0,16.176401779293425,PASS,1.7632206550035483,1.2929247286641463,1-1,V1.2,NO_BET,EXISTING_EDGE_GATE_NOT_PASSED,5.929920516666667,0.32866359189507616,-0.1816276561812603,-0.07294283380773503,Research stress test for Mateta and Palace defensive absences; not a measured player effect,False,False,0.3141740622752699,False,V1.3-gates-1
21,2026-10-12,2026-10-12T19:00:00+00:00,6,Coventry City,Newcastle,Moneyline,Coventry City,,MyBookie.ag,mybookieag,2026-10-10T19:38:06Z,2026-10-10T19:40:00.662237+00:00,odds_api_mybookie_direct,2026-10-10 19:38:06+00:00,1.9354984833333333,FRESH,3.1,0.3133717305997869,0.3133717305997869,3.19109831025926,-0.0285476351406605,0.3041597256635542,0.3041597256635542,0.0,3.2877462583792187,0.3225806451612903,0.2929006085192698,8,consensus_non_mybookie,0.0204711220805171,0.0112591171442844,NO_BET,-0.0571048504429819,-5.710485044298197,0.88,"Derived, live validation building",28.40798628317771,0.0,16.233135018958688,PASS,1.3214365607213,1.5641291807165283,1-1,V1.2,NO_BET,EXISTING_EDGE_GATE_NOT_PASSED,5.929920516666667,,,,,False,False,0.3041597256635542,False,V1.3-gates-1
17,2026-10-11,2026-10-11T13:00:00+00:00,6,Hull City,Everton,Moneyline,Draw,,MyBookie.ag,mybookieag,2026-10-10T19:38:06Z,2026-10-10T19:40:00.662237+00:00,odds_api_mybookie_direct,2026-10-10 19:38:06+00:00,1.9354984833333333,FRESH,3.32,0.3025994700543915,0.3025994700543915,3.304698451125022,0.0046302405805795,0.2941894785639198,0.2941894785639198,0.0,3.399169830550978,0.3012048192771084,0.2839106000755657,8,consensus_non_mybookie,0.0186888699788257,0.0102788784883541,NO_BET,-0.0232909311677861,-2.3290931167786133,0.88,"Derived, live validation building",32.58356097383342,0.0,18.61917769933338,PASS,1.245783228205348,1.0628350970078984,1-1,V1.2,NO_BET,EXISTING_EDGE_GATE_NOT_PASSED,5.929920516666667,0.29416751929369056,-0.023363835944947398,-0.0070372999834178995,Research stress test for extensive Hull absences compared with Everton; not a measured player effect,False,False,0.2941894785639198,False,V1.3-gates-1
23,2026-10-11,2026-10-11T13:00:00+00:00,6,Crystal Palace,Nott'm Forest,Moneyline,Draw,,MyBookie.ag,mybookieag,2026-10-10T19:38:06Z,2026-10-10T19:40:00.662237+00:00,odds_api_mybookie_direct,2026-10-10 19:38:06+00:00,1.9354984833333333,FRESH,3.3,0.2506087562735657,0.2506087562735657,3.9902835593996375,-0.1729911042972332,0.2653805789789152,0.2653805789789152,0.0,3.768173254605233,0.303030303030303,0.28343502895212,8,consensus_non_mybookie,0.0328262726785543,-0.0180544499732048,NO_BET,-0.1242440893695798,-12.424408936957986,0.88,"Derived, live validation building",26.469028948945763,0.0,15.125159399397576,PASS,1.7632206550035483,1.2929247286641463,1-1,V1.2,NO_BET,EXISTING_EDGE_GATE_NOT_PASSED,5.929920516666667,0.2684661791354323,-0.11406160885307348,-0.034564123894870735,Research stress test for Mateta and Palace defensive absences; not a measured player effect,False,False,0.2653805789789152,False,V1.3-gates-1
24,2026-10-12,2026-10-12T19:00:00+00:00,6,Coventry City,Newcastle,Moneyline,Draw,,MyBookie.ag,mybookieag,2026-10-10T19:38:06Z,2026-10-10T19:40:00.662237+00:00,odds_api_mybookie_direct,2026-10-10 19:38:06+00:00,1.9354984833333333,FRESH,3.48,0.2649011286107239,0.2649011286107239,3.774993354103503,-0.0781440724346808,0.2646767956483946,0.2646767956483946,0.0,3.778192937353046,0.2873563218390804,0.2644026109166588,8,consensus_non_mybookie,0.0004985176940651,0.0002741847317358,NO_BET,-0.0789247511435866,-7.892475114358666,0.88,"Derived, live validation building",26.43383978241973,0.0,15.105051304239844,PASS,1.3214365607213,1.5641291807165283,1-1,V1.2,NO_BET,EXISTING_EDGE_GATE_NOT_PASSED,5.929920516666667,,,,,False,False,0.2646767956483946,False,V1.3-gates-1
25,2026-10-11,2026-10-11T15:30:00+00:00,6,Liverpool,Man City,Moneyline,Draw,,MyBookie.ag,mybookieag,2026-10-10T19:38:06Z,2026-10-10T19:40:00.662237+00:00,odds_api_mybookie_direct,2026-10-10 19:38:06+00:00,1.9354984833333333,FRESH,3.6,0.2411451754512059,0.2411451754512059,4.146879563851541,-0.1318773683756586,0.2478976963065959,0.2478976963065959,0.0,4.03392211746581,0.2777777777777778,0.2561507773520727,8,consensus_non_mybookie,0.0150056019008668,-0.0082530810454767,NO_BET,-0.1075682932962545,-10.75682932962545,0.88,"Derived, live validation building",25.5948848153298,0.0,14.62564846590274,PASS,1.7834204926784762,1.6138337141982388,1-1,V1.2,NO_BET,EXISTING_EDGE_GATE_NOT_PASSED,5.929920516666667,0.25036702118951953,-0.09867872371772968,-0.027410756588258256,Research stress test for Isak and Gakpo absences and City available attack; City Foden suspended; not a measured player effect,False,False,0.2478976963065959,False,V1.3-gates-1
