Date,KickoffUTC,FPLGameweek,Season,HomeTeam,AwayTeam,ModelVersion,Lambda_Home_xG,Lambda_Away_xG,Lambda_Total_xG,DixonColes_Rho,P_HomeWin,P_Draw,P_AwayWin,P_BTTS_Yes,P_BTTS_No,RawP_Over0_5,RawP_Over1_5,RawP_Over2_5,CalP_Over2_5,CalP_Under2_5,FairOdds_Over2_5,FairOdds_Under2_5,RawP_Over3_5,RawP_Over4_5,MostLikelyScore,HomeAttackRating,HomeDefenseRating,AwayAttackRating,AwayDefenseRating
2026-10-10,2026-10-10T11:30:00+00:00,6,2026/27,Arsenal,Leeds,V1.2,2.012862623556297,0.8906249595667095,2.9034875831230065,-0.0749999999999999,0.6273949330700196,0.22176212492639996,0.15084294200358103,0.5181984489266394,0.48180155107336065,0.9377955187283123,0.793335765538069,0.5548393715786197,0.5463990733663056,0.45360092663369445,1.830164157927846,2.2045810343054044,0.3311507662427615,0.16878149422307062,2-0,0.3225983735448581,0.5243221515012303,0.10042593450132263,0.12252017678357857
2026-10-10,2026-10-10T14:00:00+00:00,6,2026/27,Aston Villa,Brentford,V1.2,1.7099439051081582,1.5943715033838113,3.3043154084919695,-0.0749999999999999,0.4019646968455597,0.24471224227244173,0.35332306088199894,0.660320968745087,0.33967903125491306,0.9557664470187495,0.8494354786342331,0.6414384091223041,0.6107088830110751,0.38929111698892493,1.6374413862617179,2.5687716887422565,0.4206132483815736,0.2381942530769958,1-1,0.0763052731709185,0.045295996367039335,0.20371125710735236,0.039324410160589705
2026-10-10,2026-10-10T14:00:00+00:00,6,2026/27,Chelsea,Bournemouth,V1.2,1.965828310867293,1.625388764600803,3.591217075468096,-0.0749999999999999,0.4537923167148692,0.2298740967262623,0.3163335865588682,0.6972945298672611,0.30270547013273885,0.965829263116831,0.8800488949877001,0.695692514998167,0.6523932061679869,0.3476067938320131,1.5328179241377733,2.8768137382357004,0.48291214559045403,0.29187702160510787,1-1,0.28460965304700897,0.03175659160608403,0.20943926245285605,0.10817566723341578
2026-10-10,2026-10-10T14:00:00+00:00,6,2026/27,Ipswich Town,Fulham,V1.2,1.275342622578733,1.701186083326528,2.976528705905261,-0.0749999999999999,0.2793262421124537,0.25472134829508186,0.46595240959246464,0.5974607174679913,0.40253928253200866,0.9407366959579507,0.8056118431663587,0.5715300162392786,0.558661672032412,0.441338327967588,1.7899921366754918,2.2658353843979766,0.34750844969367944,0.18080679380246928,1-1,-0.2101293041809812,-0.24959613224960894,-0.026334784465770037,0.04613553265304218
2026-10-10,2026-10-10T14:00:00+00:00,6,2026/27,Sunderland,Brighton,V1.2,1.4025635200563327,1.5416980361166601,2.944261556172993,-0.0749999999999999,0.33814838824665583,0.262040555707246,0.39981105604609807,0.6011947795286238,0.39880522047137623,0.9388219951963168,0.8009072766106045,0.5642064795946111,0.5532759646083641,0.44672403539163585,1.8074163057270145,2.23851846055992,0.34028188094755224,0.17545873412805177,1-1,-0.06725096698410164,0.04013324313116178,0.16495331689577253,0.0939270879698802
2026-10-10,2026-10-10T16:30:00+00:00,6,2026/27,Man United,Spurs,V1.2,2.020395988038146,1.2393209030168708,3.259716891055017,-0.0749999999999999,0.5473892746490227,0.22880645653428783,0.2238042688166892,0.6234258524181648,0.37657414758183516,0.9543891633514443,0.8436397007604367,0.6324160172860602,0.6039070578226001,0.3960929421773999,1.6558839428131897,2.5246599813235897,0.4107417213546795,0.2300928596646166,1-1,0.20381382294741368,0.09350078533630697,0.0,0.0
2026-10-11,2026-10-11T13:00:00+00:00,6,2026/27,Crystal Palace,Nott'm Forest,V1.2,1.758564965730086,1.2859706487755322,3.044535614505618,-0.0749999999999999,0.4773541920224059,0.25001113201077574,0.27263467596681834,0.6070205324662936,0.3929794675337064,0.9443048862678427,0.8154816647213418,0.5867122541372236,0.5698573871315175,0.43014261286848254,1.7548250186484111,2.324810353783184,0.36274318126947996,0.19227272654606722,1-1,0.12759463014204012,0.013157122458507448,-0.043393431720748714,0.06257621699554453
2026-10-11,2026-10-11T13:00:00+00:00,6,2026/27,Hull City,Everton,V1.2,1.2497821004303817,1.0563434747104485,2.3061255751408303,-0.0749999999999999,0.3970077074085646,0.3012755190399413,0.30171677355149396,0.47522087023434023,0.5247791297656598,0.8904869104335699,0.6804223650403559,0.40558486425297813,0.43676794849124334,0.5632320515087567,2.2895452916230843,1.775467140623926,0.20189939764329626,0.08446833168502588,1-1,-0.18566333868873855,0.1800094873933281,-0.0732414761417472,0.09084714778404224
2026-10-11,2026-10-11T15:30:00+00:00,6,2026/27,Liverpool,Man City,V1.2,1.7830876455152387,1.6073341507276364,3.390421796242875,-0.0749999999999999,0.41632592322596756,0.24041324473519124,0.34326083203884106,0.6723971457786911,0.32760285422130886,0.9590627082277866,0.8593092172054927,0.6584075144684362,0.6235914692366831,0.37640853076331693,1.6036139834049778,2.6566879288631027,0.43954561050757396,0.2540370681185437,1-1,0.32149410121927835,0.19253149943552283,0.3590441429908888,0.24262731027629375
2026-10-12,2026-10-12T19:00:00+00:00,6,2026/27,Coventry City,Newcastle,V1.2,1.3228409378985093,1.5599215177676746,2.882762455666184,-0.0749999999999999,0.3150485131249512,0.2639961684502974,0.42095531842475137,0.5881134373810091,0.4118865626189909,0.9353563223797386,0.7913068250822229,0.5500374307338226,0.5428780886142027,0.4571219113857973,1.8420341895777852,2.1876002333128803,0.32652179235338413,0.16543616970903713,1-1,-0.17865712548683457,0.03557898969929608,0.1721501444959073,0.041040927890010535
