GameweekRank,Date,KickoffUTC,FPLGameweek,HomeTeam,AwayTeam,MarketType,Selection,Line,Bookmaker,BookmakerKey,BookLastUpdate,QuoteCapturedAt,PriceSource,PriceTimestampUTC,PriceAgeMinutes,PriceFreshnessStatus,MyBookieOdds,RawModelWinProbability,RawModelEffectiveProbability,RawModelFairOdds,RawExpectedReturnPerUnit,ModelWinProbability,DecisionEffectiveProbability,PushProbability,ModelFairOdds,MyBookieImpliedProbability,ConsensusFairProbability,ConsensusBookCount,MarketPriorSource,RawModelMarketGap,ProbabilityEdge,DecisionStatus,ExpectedReturnPerUnit,ExpectedProfitPer100,ValidationFactor,ValidationStatus,BetQualityScore,ProfitabilityScore,OverallRankScore,Grade,Lambda_Home_xG,Lambda_Away_xG,MostLikelyScore,ModelVersion,DecisionFocusScore,DecisionTier,DecisionGateStatus,Agreement,ModalSupport,ModalSupportNote,AdjustedPick,AdjustedPickProbability,AdjustedMarketStatus,DecisionReason,DecisionRule
4,2026-10-11,2026-10-11T13:00:00+00:00,6,Hull City,Everton,Spread,Hull City +0.5,0.5,MyBookie.ag,mybookieag,2026-09-27T19:01:06Z,2026-09-27T19:01:49.999008+00:00,odds_api_mybookie_direct,2026-09-27 19:01:06+00:00,0.7671174,FRESH,1.7,0.698336531147448,0.698336531147448,1.431974349611761,0.1871721029506615,0.6325435853551354,0.6325435853551354,0.0,1.5809187274242291,0.5882352941176471,0.5338541666666666,3,consensus_non_mybookie,0.1644823644807813,0.0986894186884688,BET_ELIGIBLE,0.0753240951037302,7.532409510373022,0.84,"Derived, live validation building",66.15889591090955,50.21606340248682,59.32625340729981,D,1.2500924527002084,1.0563633753134452,1-1,V1.2,77.2631267036499,BET_CANDIDATE,BET_ELIGIBLE,STRONG_AGREEMENT,1.0,Modal score 1-1 covers the spread,Hull City,0.3766916349697338,MARKET_INCLUDED,"Decision gate: BET_ELIGIBLE; V1.2, V2 context and adjusted direction agree; Modal score 1-1 covers the spread; Positive modeled EV 7.5%","Focus score = 50% existing rank + 20% V1/V2/adjusted agreement + 15% modal-score support + 15% validation. Research decision aid, not a guarantee."
1,2026-10-11,2026-10-11T13:00:00+00:00,6,Hull City,Everton,Moneyline,Hull City,,MyBookie.ag,mybookieag,2026-09-27T19:01:06Z,2026-09-27T19:01:49.999008+00:00,odds_api_mybookie_direct,2026-09-27 19:01:06+00:00,0.7671174,FRESH,3.44,0.3970911861346559,0.3970911861346559,2.5183132613295887,0.3659936803032162,0.3356228107967665,0.3356228107967665,0.0,2.979535263488218,0.2906976744186046,0.2604947964949016,8,consensus_non_mybookie,0.1365963896397542,0.0751280143018648,BET_ELIGIBLE,0.1545424691408766,15.454246914087664,0.88,"Derived, live validation building",64.98114053983832,100.0,79.9892231656219,B,1.2500924527002084,1.0563633753134452,1-1,V1.2,73.19461158281094,BET_CANDIDATE,BET_ELIGIBLE,STRONG_AGREEMENT,0.0,Modal score 1-1 implies Draw,Hull City,0.3766916349697338,MARKET_INCLUDED,"Decision gate: BET_ELIGIBLE; V1.2, V2 context and adjusted direction agree; Modal score 1-1 implies Draw; Positive modeled EV 15.5%","Focus score = 50% existing rank + 20% V1/V2/adjusted agreement + 15% modal-score support + 15% validation. Research decision aid, not a guarantee."
7,2026-10-10,2026-10-10T14:00:00+00:00,6,Chelsea,Bournemouth,Spread,Bournemouth +0.5,0.5,MyBookie.ag,mybookieag,2026-09-27T19:01:06Z,2026-09-27T19:01:49.999008+00:00,odds_api_mybookie_direct,2026-09-27 19:01:06+00:00,0.7671174,FRESH,2.07,0.5460351940579946,0.5460351940579946,1.8313837841994292,0.1302928517000487,0.5089682666938641,0.5089682666938641,0.0,1.9647590339880328,0.4830917874396135,0.4533678756476684,2,consensus_non_mybookie,0.0926673184103262,0.0556003910461956,BET_ELIGIBLE,0.0535643120562985,5.356431205629852,0.84,"Derived, live validation building",56.17216794454545,35.70954137086568,47.402470841539824,D,1.9672879754439807,1.6261354312070204,1-1,V1.2,71.30123542076991,BET_CANDIDATE,BET_ELIGIBLE,STRONG_AGREEMENT,1.0,Modal score 1-1 covers the spread,Chelsea,0.4679028152116155,MARKET_INCLUDED,"Decision gate: BET_ELIGIBLE; V1.2, V2 context and adjusted direction agree; Modal score 1-1 covers the spread; Positive modeled EV 5.4%","Focus score = 50% existing rank + 20% V1/V2/adjusted agreement + 15% modal-score support + 15% validation. Research decision aid, not a guarantee."
2,2026-10-10,2026-10-10T14:00:00+00:00,6,Chelsea,Bournemouth,Moneyline,Bournemouth,,MyBookie.ag,mybookieag,2026-09-27T19:01:06Z,2026-09-27T19:01:49.999008+00:00,odds_api_mybookie_direct,2026-09-27 19:01:06+00:00,0.7671174,FRESH,4.1,0.3162590491207305,0.3162590491207305,3.161964860073472,0.2966621013949948,0.2723031327541066,0.2723031327541066,0.0,3.672377874928869,0.2439024390243902,0.2185792349726775,8,consensus_non_mybookie,0.0976798141480529,0.0537238977814291,BET_ELIGIBLE,0.1164428442918372,11.644284429183728,0.88,"Derived, live validation building",55.94265438877686,77.62856286122485,65.23661516268314,C,1.9672879754439807,1.6261354312070204,1-1,V1.2,65.81830758134156,REVIEW,BET_ELIGIBLE,STRONG_AGREEMENT,0.0,Modal score 1-1 implies Draw,Chelsea,0.4679028152116155,MARKET_INCLUDED,"Decision gate: BET_ELIGIBLE; V1.2, V2 context and adjusted direction agree; Modal score 1-1 implies Draw; Positive modeled EV 11.6%","Focus score = 50% existing rank + 20% V1/V2/adjusted agreement + 15% modal-score support + 15% validation. Research decision aid, not a guarantee."
3,2026-10-11,2026-10-11T13:00:00+00:00,6,Crystal Palace,Nott'm Forest,Moneyline,Crystal Palace,,MyBookie.ag,mybookieag,2026-09-27T19:01:06Z,2026-09-27T19:01:49.999008+00:00,odds_api_mybookie_direct,2026-09-27 19:01:06+00:00,0.7671174,FRESH,2.58,0.4775446707053613,0.4775446707053613,2.094044937247319,0.232065250419832,0.4258861258183419,0.4258861258183419,0.0,2.3480454970879734,0.3875968992248061,0.3627479042897626,8,consensus_non_mybookie,0.1147967664155986,0.0631382215285792,BET_ELIGIBLE,0.0987862046113222,9.878620461132224,0.88,"Derived, live validation building",60.531892097898485,65.85746974088151,62.81428251631978,C,1.7601258654260534,1.286788874025405,1-1,V1.2,64.60714125815988,REVIEW,BET_ELIGIBLE,STRONG_AGREEMENT,0.0,Modal score 1-1 implies Draw,Crystal Palace,0.4602820049806623,MARKET_INCLUDED,"Decision gate: BET_ELIGIBLE; V1.2, V2 context and adjusted direction agree; Modal score 1-1 implies Draw; Positive modeled EV 9.9%","Focus score = 50% existing rank + 20% V1/V2/adjusted agreement + 15% modal-score support + 15% validation. Research decision aid, not a guarantee."
5,2026-10-11,2026-10-11T13:00:00+00:00,6,Crystal Palace,Nott'm Forest,Spread,Crystal Palace -0.5,-0.5,MyBookie.ag,mybookieag,2026-09-27T19:01:06Z,2026-09-27T19:01:49.999008+00:00,odds_api_mybookie_direct,2026-09-27 19:01:06+00:00,0.7671174,FRESH,2.5,0.4775446707053613,0.4775446707053613,2.094044937247319,0.1938616767634032,0.4346376336574737,0.4346376336574737,0.0,2.300767173760368,0.4,0.3702770780856423,1,mybookie_devig_fallback,0.1072675926197189,0.0643605555718313,REVIEW_LOW_MARKET_SUPPORT,0.0865940841436843,8.65940841436843,0.84,"Derived, live validation building",58.23584640801843,57.72938942912287,58.01879341706319,D,1.7601258654260534,1.286788874025405,1-1,V1.2,61.609396708531605,REVIEW,REVIEW_LOW_MARKET_SUPPORT,STRONG_AGREEMENT,0.0,Modal score 1-1 does not cover the spread,Crystal Palace,0.4602820049806623,MARKET_INCLUDED,"Decision gate: REVIEW_LOW_MARKET_SUPPORT; V1.2, V2 context and adjusted direction agree; Modal score 1-1 does not cover the spread; Positive modeled EV 8.7%","Focus score = 50% existing rank + 20% V1/V2/adjusted agreement + 15% modal-score support + 15% validation. Research decision aid, not a guarantee."
6,2026-10-11,2026-10-11T13:00:00+00:00,6,Crystal Palace,Nott'm Forest,Total,Over 2.5,2.5,MyBookie.ag,mybookieag,2026-09-27T19:01:06Z,2026-09-27T19:01:49.999008+00:00,odds_api_mybookie_direct,2026-09-27 19:01:06+00:00,0.7671174,FRESH,1.96,0.5699849278902749,0.5699849278902749,1.7544323561350472,0.1171704586649388,0.5363756197953454,0.5363756197953454,0.0,1.86436512603155,0.5102040816326531,0.4739583333333334,6,consensus_non_mybookie,0.0960265945569414,0.062417286462012,BET_ELIGIBLE,0.051296214798877,5.129621479887703,1.0,Calibrated O/U 2.5,59.54561857957075,34.19747653258469,48.68212913086243,D,1.7601258654260534,1.286788874025405,1-1,V1.2,59.34106456543121,REVIEW,BET_ELIGIBLE,STRONG_AGREEMENT,0.0,Modal score 1-1 opposes over 2.5,Crystal Palace,0.4602820049806623,MARKET_INCLUDED,"Decision gate: BET_ELIGIBLE; V1.2, V2 context and adjusted direction agree; Modal score 1-1 opposes over 2.5; Positive modeled EV 5.1%","Focus score = 50% existing rank + 20% V1/V2/adjusted agreement + 15% modal-score support + 15% validation. Research decision aid, not a guarantee."
8,2026-10-10,2026-10-10T14:00:00+00:00,6,Ipswich Town,Fulham,Moneyline,Fulham,,MyBookie.ag,mybookieag,2026-09-27T19:01:06Z,2026-09-27T19:01:49.999008+00:00,odds_api_mybookie_direct,2026-09-27 19:01:06+00:00,0.7671174,FRESH,2.44,0.4659509457671624,0.4659509457671624,2.1461486645414047,0.1369203076718762,0.4255935069873551,0.4255935069873551,0.0,2.3496599068878914,0.4098360655737705,0.3762677484787018,8,consensus_non_mybookie,0.0896831972884605,0.0493257585086532,REVIEW,0.0384481570491463,3.844815704914639,0.88,"Derived, live validation building",49.95810283296838,25.63210469943093,39.53267506145232,D,1.2756725276280814,1.7014803077776877,1-1,V1.2,52.96633753072616,REVIEW,REVIEW,STRONG_AGREEMENT,0.0,Modal score 1-1 implies Draw,Fulham,0.4524984661738933,MARKET_INCLUDED,"Decision gate: REVIEW; V1.2, V2 context and adjusted direction agree; Modal score 1-1 implies Draw; Positive modeled EV 3.8%","Focus score = 50% existing rank + 20% V1/V2/adjusted agreement + 15% modal-score support + 15% validation. Research decision aid, not a guarantee."
9,2026-10-10,2026-10-10T14:00:00+00:00,6,Ipswich Town,Fulham,Spread,Fulham -0.5,-0.5,MyBookie.ag,mybookieag,2026-09-27T19:01:06Z,2026-09-27T19:01:49.999008+00:00,odds_api_mybookie_direct,2026-09-27 19:01:06+00:00,0.7671174,FRESH,2.38,0.4659509457671624,0.4659509457671624,2.1461486645414043,0.1089632509258465,0.4354680033577333,0.4354680033577333,0.0,2.2963799688826008,0.4201680672268907,0.3897435897435897,1,mybookie_devig_fallback,0.0762073560235727,0.0457244136141436,REVIEW,0.0364138479914053,3.641384799140535,0.84,"Derived, live validation building",49.495823566382604,24.2758986609369,38.68728432119159,D,1.2756725276280814,1.7014803077776877,1-1,V1.2,51.94364216059579,REVIEW,REVIEW,STRONG_AGREEMENT,0.0,Modal score 1-1 does not cover the spread,Fulham,0.4524984661738933,MARKET_INCLUDED,"Decision gate: REVIEW; V1.2, V2 context and adjusted direction agree; Modal score 1-1 does not cover the spread; Positive modeled EV 3.6%","Focus score = 50% existing rank + 20% V1/V2/adjusted agreement + 15% modal-score support + 15% validation. Research decision aid, not a guarantee."
11,2026-10-11,2026-10-11T15:30:00+00:00,6,Liverpool,Man City,Moneyline,Liverpool,,MyBookie.ag,mybookieag,2026-09-27T19:01:06Z,2026-09-27T19:01:49.999008+00:00,odds_api_mybookie_direct,2026-09-27 19:01:06+00:00,0.7671174,FRESH,2.59,0.4164877301311628,0.4164877301311628,2.4010311172554206,0.0787032210397116,0.3907383126719359,0.3907383126719359,0.0,2.559257609426185,0.3861003861003861,0.3592668024439918,8,consensus_non_mybookie,0.0572209276871709,0.031471510227944,REVIEW,0.012012229820314,1.2012229820314024,0.88,"Derived, live validation building",43.58905585215175,8.008153213542684,28.340097578462142,D,1.784169368500562,1.6077729795054656,1-1,V1.2,47.37004878923107,REVIEW,REVIEW,STRONG_AGREEMENT,0.0,Modal score 1-1 implies Draw,Liverpool,0.4079035548263168,MARKET_INCLUDED,"Decision gate: REVIEW; V1.2, V2 context and adjusted direction agree; Modal score 1-1 implies Draw; Positive modeled EV 1.2%","Focus score = 50% existing rank + 20% V1/V2/adjusted agreement + 15% modal-score support + 15% validation. Research decision aid, not a guarantee."
17,2026-10-11,2026-10-11T13:00:00+00:00,6,Hull City,Everton,Total,Under 2.5,2.5,MyBookie.ag,mybookieag,2026-09-27T19:01:06Z,2026-09-27T19:01:49.999008+00:00,odds_api_mybookie_direct,2026-09-27 19:01:06+00:00,0.7671174,FRESH,1.7,0.5636160424832943,0.5636160424832943,1.7742575168620047,-0.0418527277783996,0.5581953474002376,0.5581953474002376,0.0,1.7914875225267315,0.5882352941176471,0.5481283422459893,3,consensus_non_mybookie,0.015487700237305,0.0100670051542482,NO_BET,-0.0510679094195961,-5.106790941959616,1.0,Calibrated O/U 2.5,42.90976737001188,0.0,24.51986706857821,PASS,1.2500924527002084,1.0563633753134452,1-1,V1.2,62.25993353428911,NO_BET,NO_BET,STRONG_AGREEMENT,1.0,Modal score 1-1 supports under 2.5,Hull City,0.3766916349697338,MARKET_INCLUDED,"Decision gate: NO_BET; V1.2, V2 context and adjusted direction agree; Modal score 1-1 supports under 2.5; No positive modeled EV","Focus score = 50% existing rank + 20% V1/V2/adjusted agreement + 15% modal-score support + 15% validation. Research decision aid, not a guarantee."
14,2026-10-10,2026-10-10T11:30:00+00:00,6,Arsenal,Leeds,Moneyline,Arsenal,,MyBookie.ag,mybookieag,2026-09-27T19:01:06Z,2026-09-27T19:01:49.999008+00:00,odds_api_mybookie_direct,2026-09-27 19:01:06+00:00,0.7671174,FRESH,1.4,0.625891530981795,0.625891530981795,1.5977209316626566,-0.1237518566254871,0.6540036945542953,0.6540036945542953,0.0,1.5290433499485072,0.7142857142857143,0.6883630055873513,8,consensus_non_mybookie,0.0624714746055563,-0.034359311033056,NO_BET,-0.0843948276239866,-8.439482762398665,0.88,"Derived, live validation building",45.900184727714766,0.0,26.22867698726558,PASS,1.9908958214625463,0.8778120320813771,2-0,V1.2,61.31433849363279,NO_BET,NO_BET,STRONG_AGREEMENT,1.0,Modal score 2-0 implies Arsenal,Arsenal,0.6347185318298963,MARKET_INCLUDED,"Decision gate: NO_BET; V1.2, V2 context and adjusted direction agree; Modal score 2-0 implies Arsenal; No positive modeled EV","Focus score = 50% existing rank + 20% V1/V2/adjusted agreement + 15% modal-score support + 15% validation. Research decision aid, not a guarantee."
28,2026-10-12,2026-10-12T19:00:00+00:00,6,Coventry City,Newcastle,Total,Under 2.5,2.5,MyBookie.ag,mybookieag,2026-09-27T19:01:06Z,2026-09-27T19:01:49.999008+00:00,odds_api_mybookie_direct,2026-09-27 19:01:06+00:00,0.7671174,FRESH,2.14,0.4569450013876086,0.4569450013876086,2.1884471806525774,-0.0221376970305174,0.449398866286561,0.449398866286561,0.0,2.225194754635509,0.4672897196261682,0.4353846153846153,4,consensus_non_mybookie,0.0215603860029932,0.0140142509019456,NO_BET,-0.0382864261467593,-3.8286426146759367,1.0,Calibrated O/U 2.5,39.51981873864517,0.0,22.58275356494009,PASS,1.3244807124765108,1.5610921262519488,1-1,V1.2,61.29137678247005,NO_BET,NO_BET,STRONG_AGREEMENT,1.0,Modal score 1-1 supports under 2.5,Newcastle,0.4250562545353609,MARKET_INCLUDED,"Decision gate: NO_BET; V1.2, V2 context and adjusted direction agree; Modal score 1-1 supports under 2.5; No positive modeled EV","Focus score = 50% existing rank + 20% V1/V2/adjusted agreement + 15% modal-score support + 15% validation. Research decision aid, not a guarantee."
13,2026-10-11,2026-10-11T15:30:00+00:00,6,Liverpool,Man City,Spread,Liverpool +0.5,0.5,MyBookie.ag,mybookieag,2026-09-27T19:01:06Z,2026-09-27T19:01:49.999008+00:00,odds_api_mybookie_direct,2026-09-27 19:01:06+00:00,0.7671174,FRESH,1.52,0.656829087702709,0.656829087702709,1.5224660702794812,-0.0016197866918823,0.6373964216937904,0.6373964216937904,0.0,1.5688823563562564,0.6578947368421053,0.6082474226804124,1,mybookie_devig_fallback,0.0485816650222965,0.0291489990133779,NO_BET,-0.0311574390254385,-3.115743902543855,0.84,"Derived, live validation building",47.76726925523778,0.0,27.295582431564444,PASS,1.784169368500562,1.6077729795054656,1-1,V1.2,61.24779121578222,NO_BET,NO_BET,STRONG_AGREEMENT,1.0,Modal score 1-1 covers the spread,Liverpool,0.4079035548263168,MARKET_INCLUDED,"Decision gate: NO_BET; V1.2, V2 context and adjusted direction agree; Modal score 1-1 covers the spread; No positive modeled EV","Focus score = 50% existing rank + 20% V1/V2/adjusted agreement + 15% modal-score support + 15% validation. Research decision aid, not a guarantee."
31,2026-10-11,2026-10-11T13:00:00+00:00,6,Crystal Palace,Nott'm Forest,Total,Under 2.5,2.5,MyBookie.ag,mybookieag,2026-09-27T19:01:06Z,2026-09-27T19:01:49.999008+00:00,odds_api_mybookie_direct,2026-09-27 19:01:06+00:00,0.7671174,FRESH,1.76,0.4300150721097251,0.4300150721097251,2.32549988328045,-0.2431734730868838,0.4636243802046547,0.4636243802046547,0.0,2.156918494145145,0.5681818181818182,0.5260416666666667,6,consensus_non_mybookie,0.0960265945569416,-0.062417286462012,NO_BET,-0.1840210908398077,-18.40210908398078,1.0,Calibrated O/U 2.5,38.18121901023274,0.0,21.817839434418705,PASS,1.7601258654260534,1.286788874025405,1-1,V1.2,60.90891971720935,NO_BET,NO_BET,STRONG_AGREEMENT,1.0,Modal score 1-1 supports under 2.5,Crystal Palace,0.4602820049806623,MARKET_INCLUDED,"Decision gate: NO_BET; V1.2, V2 context and adjusted direction agree; Modal score 1-1 supports under 2.5; No positive modeled EV","Focus score = 50% existing rank + 20% V1/V2/adjusted agreement + 15% modal-score support + 15% validation. Research decision aid, not a guarantee."
32,2026-10-10,2026-10-10T11:30:00+00:00,6,Arsenal,Leeds,Total,Under 2.5,2.5,MyBookie.ag,mybookieag,2026-09-27T19:01:06Z,2026-09-27T19:01:49.999008+00:00,odds_api_mybookie_direct,2026-09-27 19:01:06+00:00,0.7671174,FRESH,2.06,0.4598314500077537,0.4598314500077537,2.174709885509436,-0.0527472129840272,0.4604298193834482,0.4604298193834482,0.0,2.171883657185972,0.4854368932038835,0.4615410767954523,6,consensus_non_mybookie,0.0017096267876985,-0.001111257412004,NO_BET,-0.0515145720700966,-5.151457207009669,1.0,Calibrated O/U 2.5,38.02149096917241,0.0,21.72656626809852,PASS,1.9908958214625463,0.8778120320813771,2-0,V1.2,60.86328313404926,NO_BET,NO_BET,STRONG_AGREEMENT,1.0,Modal score 2-0 supports under 2.5,Arsenal,0.6347185318298963,MARKET_INCLUDED,"Decision gate: NO_BET; V1.2, V2 context and adjusted direction agree; Modal score 2-0 supports under 2.5; No positive modeled EV","Focus score = 50% existing rank + 20% V1/V2/adjusted agreement + 15% modal-score support + 15% validation. Research decision aid, not a guarantee."
34,2026-10-10,2026-10-10T14:00:00+00:00,6,Sunderland,Brighton,Total,Under 2.5,2.5,MyBookie.ag,mybookieag,2026-09-27T19:01:06Z,2026-09-27T19:01:49.999008+00:00,odds_api_mybookie_direct,2026-09-27 19:01:06+00:00,0.7671174,FRESH,1.93,0.4465109701131692,0.4465109701131692,2.239586632656635,-0.1382338276815835,0.4561175472402267,0.4561175472402267,0.0,2.19241729692395,0.5181347150259068,0.4739583333333334,6,consensus_non_mybookie,0.0274473632201642,-0.0178407860931067,NO_BET,-0.1196931338263625,-11.969313382636257,1.0,Calibrated O/U 2.5,37.80587736201133,0.0,21.6033584925779,PASS,1.404214116709948,1.5430254835708763,1-1,V1.2,60.801679246288955,NO_BET,NO_BET,STRONG_AGREEMENT,1.0,Modal score 1-1 supports under 2.5,Brighton,0.399898676994369,MARKET_INCLUDED,"Decision gate: NO_BET; V1.2, V2 context and adjusted direction agree; Modal score 1-1 supports under 2.5; No positive modeled EV","Focus score = 50% existing rank + 20% V1/V2/adjusted agreement + 15% modal-score support + 15% validation. Research decision aid, not a guarantee."
35,2026-10-10,2026-10-10T14:00:00+00:00,6,Ipswich Town,Fulham,Total,Under 2.5,2.5,MyBookie.ag,mybookieag,2026-09-27T19:01:06Z,2026-09-27T19:01:49.999008+00:00,odds_api_mybookie_direct,2026-09-27 19:01:06+00:00,0.7671174,FRESH,2.03,0.4415128988021124,0.4415128988021124,2.2649394903594957,-0.1037288154317118,0.4459912171195454,0.4459912171195454,0.0,2.2421966209526403,0.4926108374384237,0.4543080939947781,6,consensus_non_mybookie,0.0127951951926656,-0.0083168768752326,NO_BET,-0.0946378292473228,-9.463782924732284,1.0,Calibrated O/U 2.5,37.29956085597727,0.0,21.314034774844156,PASS,1.2756725276280814,1.7014803077776877,1-1,V1.2,60.65701738742209,NO_BET,NO_BET,STRONG_AGREEMENT,1.0,Modal score 1-1 supports under 2.5,Fulham,0.4524984661738933,MARKET_INCLUDED,"Decision gate: NO_BET; V1.2, V2 context and adjusted direction agree; Modal score 1-1 supports under 2.5; No positive modeled EV","Focus score = 50% existing rank + 20% V1/V2/adjusted agreement + 15% modal-score support + 15% validation. Research decision aid, not a guarantee."
16,2026-10-10,2026-10-10T14:00:00+00:00,6,Aston Villa,Brentford,Spread,Aston Villa +0.5,0.5,MyBookie.ag,mybookieag,2026-09-27T19:01:06Z,2026-09-27T19:01:49.999008+00:00,odds_api_mybookie_direct,2026-09-27 19:01:06+00:00,0.7671174,FRESH,1.5,0.6467517327242623,0.6467517327242623,1.5461883585340812,-0.0298724009136064,0.6345983542125626,0.6345983542125626,0.0,1.5757998635859114,0.6666666666666666,0.6163682864450128,1,mybookie_devig_fallback,0.0303834462792494,0.0182300677675497,NO_BET,-0.048102468681156,-4.810246868115609,0.84,"Derived, live validation building",44.66198569142581,0.0,25.521134680814747,PASS,1.711519166730294,1.59527599744479,1-1,V1.2,60.36056734040738,NO_BET,NO_BET,STRONG_AGREEMENT,1.0,Modal score 1-1 covers the spread,Aston Villa,0.3966070886434744,MARKET_INCLUDED,"Decision gate: NO_BET; V1.2, V2 context and adjusted direction agree; Modal score 1-1 covers the spread; No positive modeled EV","Focus score = 50% existing rank + 20% V1/V2/adjusted agreement + 15% modal-score support + 15% validation. Research decision aid, not a guarantee."
38,2026-10-10,2026-10-10T14:00:00+00:00,6,Aston Villa,Brentford,Total,Under 2.5,2.5,MyBookie.ag,mybookieag,2026-09-27T19:01:06Z,2026-09-27T19:01:49.999008+00:00,odds_api_mybookie_direct,2026-09-27 19:01:06+00:00,0.7671174,FRESH,2.12,0.3891108579212712,0.3891108579212712,2.569961695086725,-0.175084981206905,0.4057127373725605,0.4057127373725605,0.0,2.4647981388903584,0.4716981132075471,0.4365447992106693,4,consensus_non_mybookie,0.0474339412893981,-0.0308320618381088,NO_BET,-0.1398889967701716,-13.988899677017164,1.0,Calibrated O/U 2.5,35.285636868628025,0.0,20.163221067787443,PASS,1.711519166730294,1.59527599744479,1-1,V1.2,60.08161053389372,NO_BET,NO_BET,STRONG_AGREEMENT,1.0,Modal score 1-1 supports under 2.5,Aston Villa,0.3966070886434744,MARKET_INCLUDED,"Decision gate: NO_BET; V1.2, V2 context and adjusted direction agree; Modal score 1-1 supports under 2.5; No positive modeled EV","Focus score = 50% existing rank + 20% V1/V2/adjusted agreement + 15% modal-score support + 15% validation. Research decision aid, not a guarantee."
23,2026-10-11,2026-10-11T15:30:00+00:00,6,Liverpool,Man City,Total,Under 3.5,3.5,MyBookie.ag,mybookieag,2026-09-27T19:01:06Z,2026-09-27T19:01:49.999008+00:00,odds_api_mybookie_direct,2026-09-27 19:01:06+00:00,0.7671174,FRESH,1.56,0.5601216385124664,0.5601216385124664,1.7853264920379317,-0.1262102439205523,0.5715203182968108,0.5715203182968108,0.0,1.7497190703212486,0.641025641025641,0.5926892950391646,1,mybookie_devig_fallback,0.0325676565266981,-0.0211689767423537,NO_BET,-0.108428303456975,-10.842830345697507,0.86,Derived alternate total,41.47601591484055,0.0,23.700580522766025,PASS,1.784169368500562,1.6077729795054656,1-1,V1.2,59.75029026138301,NO_BET,NO_BET,STRONG_AGREEMENT,1.0,Modal score 1-1 supports under 3.5,Liverpool,0.4079035548263168,MARKET_INCLUDED,"Decision gate: NO_BET; V1.2, V2 context and adjusted direction agree; Modal score 1-1 supports under 3.5; No positive modeled EV","Focus score = 50% existing rank + 20% V1/V2/adjusted agreement + 15% modal-score support + 15% validation. Research decision aid, not a guarantee."
21,2026-10-10,2026-10-10T14:00:00+00:00,6,Sunderland,Brighton,Spread,Sunderland +0.5,0.5,MyBookie.ag,mybookieag,2026-09-27T19:01:06Z,2026-09-27T19:01:49.999008+00:00,odds_api_mybookie_direct,2026-09-27 19:01:06+00:00,0.7671174,FRESH,1.58,0.6001972317322005,0.6001972317322005,1.666118980778948,-0.0516883738631231,0.5942390739474568,0.5942390739474568,0.0,1.682824378001809,0.6329113924050632,0.5853018372703411,1,mybookie_devig_fallback,0.0148953944618593,0.0089372366771156,NO_BET,-0.0611022631630182,-6.1102263163018256,0.84,"Derived, live validation building",42.31195369737284,0.0,24.17825925564162,PASS,1.404214116709948,1.5430254835708763,1-1,V1.2,59.68912962782081,NO_BET,NO_BET,STRONG_AGREEMENT,1.0,Modal score 1-1 covers the spread,Brighton,0.399898676994369,MARKET_INCLUDED,"Decision gate: NO_BET; V1.2, V2 context and adjusted direction agree; Modal score 1-1 covers the spread; No positive modeled EV","Focus score = 50% existing rank + 20% V1/V2/adjusted agreement + 15% modal-score support + 15% validation. Research decision aid, not a guarantee."
24,2026-10-12,2026-10-12T19:00:00+00:00,6,Coventry City,Newcastle,Spread,Coventry City +0.5,0.5,MyBookie.ag,mybookieag,2026-09-27T19:01:06Z,2026-09-27T19:01:49.999008+00:00,odds_api_mybookie_direct,2026-09-27 19:01:06+00:00,0.7671174,FRESH,1.68,0.5791002577979507,0.5791002577979507,1.7268167066658466,-0.0271115668994428,0.5671492738497549,0.5671492738497549,0.0,1.7632042323039503,0.5952380952380952,0.5492227979274612,2,consensus_non_mybookie,0.0298774598704895,0.0179264759222936,NO_BET,-0.0471892199324118,-4.718921993241182,0.84,"Derived, live validation building",41.44935020431568,0.0,23.685342973894677,PASS,1.3244807124765108,1.5610921262519488,1-1,V1.2,59.44267148694734,NO_BET,NO_BET,STRONG_AGREEMENT,1.0,Modal score 1-1 covers the spread,Newcastle,0.4250562545353609,MARKET_INCLUDED,"Decision gate: NO_BET; V1.2, V2 context and adjusted direction agree; Modal score 1-1 covers the spread; No positive modeled EV","Focus score = 50% existing rank + 20% V1/V2/adjusted agreement + 15% modal-score support + 15% validation. Research decision aid, not a guarantee."
26,2026-10-11,2026-10-11T13:00:00+00:00,6,Crystal Palace,Nott'm Forest,Spread,Nott'm Forest +0.5,0.5,MyBookie.ag,mybookieag,2026-09-27T19:01:06Z,2026-09-27T19:01:49.999008+00:00,odds_api_mybookie_direct,2026-09-27 19:01:06+00:00,0.7671174,FRESH,1.47,0.5224553292946388,0.5224553292946388,1.9140392372876915,-0.231990665936881,0.5653623663425263,0.5653623663425263,0.0,1.7687770879927074,0.6802721088435374,0.6297229219143576,1,mybookie_devig_fallback,0.1072675926197188,-0.0643605555718312,NO_BET,-0.1689173214764863,-16.891732147648632,0.84,"Derived, live validation building",40.86811831712632,0.0,23.353210466929323,PASS,1.7601258654260534,1.286788874025405,1-1,V1.2,59.276605233464664,NO_BET,NO_BET,STRONG_AGREEMENT,1.0,Modal score 1-1 covers the spread,Crystal Palace,0.4602820049806623,MARKET_INCLUDED,"Decision gate: NO_BET; V1.2, V2 context and adjusted direction agree; Modal score 1-1 covers the spread; No positive modeled EV","Focus score = 50% existing rank + 20% V1/V2/adjusted agreement + 15% modal-score support + 15% validation. Research decision aid, not a guarantee."
27,2026-10-10,2026-10-10T14:00:00+00:00,6,Ipswich Town,Fulham,Spread,Ipswich Town +0.5,0.5,MyBookie.ag,mybookieag,2026-09-27T19:01:06Z,2026-09-27T19:01:49.999008+00:00,odds_api_mybookie_direct,2026-09-27 19:01:06+00:00,0.7671174,FRESH,1.52,0.5340490542328373,0.5340490542328373,1.8724871658774909,-0.1882454375660872,0.5645319966422665,0.5645319966422665,0.0,1.771378780915551,0.6578947368421053,0.6102564102564102,1,mybookie_devig_fallback,0.0762073560235728,-0.0457244136141437,NO_BET,-0.1419113651037549,-14.19113651037549,0.84,"Derived, live validation building",40.82659983211333,0.0,23.32948561835047,PASS,1.2756725276280814,1.7014803077776877,1-1,V1.2,59.26474280917524,NO_BET,NO_BET,STRONG_AGREEMENT,1.0,Modal score 1-1 covers the spread,Fulham,0.4524984661738933,MARKET_INCLUDED,"Decision gate: NO_BET; V1.2, V2 context and adjusted direction agree; Modal score 1-1 covers the spread; No positive modeled EV","Focus score = 50% existing rank + 20% V1/V2/adjusted agreement + 15% modal-score support + 15% validation. Research decision aid, not a guarantee."
29,2026-10-10,2026-10-10T14:00:00+00:00,6,Chelsea,Bournemouth,Total,Under 3.5,3.5,MyBookie.ag,mybookieag,2026-09-27T19:01:06Z,2026-09-27T19:01:49.999008+00:00,odds_api_mybookie_direct,2026-09-27 19:01:06+00:00,0.7671174,FRESH,1.67,0.5166185036396592,0.5166185036396592,1.9356643111983824,-0.1372470989217691,0.530756226730823,0.530756226730823,0.0,1.8841041322481884,0.5988023952095809,0.5570119981858414,6,consensus_non_mybookie,0.0403934945461821,-0.0262557714550183,NO_BET,-0.1136371013595256,-11.36371013595256,0.86,Derived alternate total,39.43781133654115,0.0,22.535892192309227,PASS,1.9672879754439807,1.6261354312070204,1-1,V1.2,59.16794609615461,NO_BET,NO_BET,STRONG_AGREEMENT,1.0,Modal score 1-1 supports under 3.5,Chelsea,0.4679028152116155,MARKET_INCLUDED,"Decision gate: NO_BET; V1.2, V2 context and adjusted direction agree; Modal score 1-1 supports under 3.5; No positive modeled EV","Focus score = 50% existing rank + 20% V1/V2/adjusted agreement + 15% modal-score support + 15% validation. Research decision aid, not a guarantee."
41,2026-10-10,2026-10-10T11:30:00+00:00,6,Arsenal,Leeds,Spread,Arsenal -1.5,-1.5,MyBookie.ag,mybookieag,2026-09-27T19:01:06Z,2026-09-27T19:01:49.999008+00:00,odds_api_mybookie_direct,2026-09-27 19:01:06+00:00,0.7671174,FRESH,2.11,0.3881924305762939,0.3881924305762939,2.5760419864844937,-0.18091397148402,0.4046378233843367,0.4046378233843367,0.0,2.471345836224932,0.4739336492890995,0.4293059125964009,2,consensus_non_mybookie,0.041113482020107,-0.0246680892120642,NO_BET,-0.1462141926590495,-14.621419265904956,0.84,"Derived, live validation building",32.83189116921684,0.0,18.761080668123903,PASS,1.9908958214625463,0.8778120320813771,2-0,V1.2,56.980540334061956,NO_BET,NO_BET,STRONG_AGREEMENT,1.0,Modal score 2-0 covers the spread,Arsenal,0.6347185318298963,MARKET_INCLUDED,"Decision gate: NO_BET; V1.2, V2 context and adjusted direction agree; Modal score 2-0 covers the spread; No positive modeled EV","Focus score = 50% existing rank + 20% V1/V2/adjusted agreement + 15% modal-score support + 15% validation. Research decision aid, not a guarantee."
48,2026-10-11,2026-10-11T13:00:00+00:00,6,Hull City,Everton,Moneyline,Draw,,MyBookie.ag,mybookieag,2026-09-27T19:01:06Z,2026-09-27T19:01:49.999008+00:00,odds_api_mybookie_direct,2026-09-27 19:01:06+00:00,0.7671174,FRESH,3.28,0.301245345012792,0.301245345012792,3.319553369223137,-0.0119152683580423,0.2925270873628837,0.2925270873628837,0.0,3.418486845149786,0.3048780487804878,0.2818714391241068,8,consensus_non_mybookie,0.0193739058886851,0.0106556482387768,NO_BET,-0.0405111534497415,-4.051115344974154,0.88,"Derived, live validation building",29.486902514439414,0.0,16.849658579679666,PASS,1.2500924527002084,1.0563633753134452,1-1,V1.2,56.62482928983984,NO_BET,NO_BET,STRONG_AGREEMENT,1.0,Modal score 1-1 implies Draw,Hull City,0.3766916349697338,MARKET_INCLUDED,"Decision gate: NO_BET; V1.2, V2 context and adjusted direction agree; Modal score 1-1 implies Draw; No positive modeled EV","Focus score = 50% existing rank + 20% V1/V2/adjusted agreement + 15% modal-score support + 15% validation. Research decision aid, not a guarantee."
51,2026-10-10,2026-10-10T14:00:00+00:00,6,Sunderland,Brighton,Moneyline,Draw,,MyBookie.ag,mybookieag,2026-09-27T19:01:06Z,2026-09-27T19:01:49.999008+00:00,odds_api_mybookie_direct,2026-09-27 19:01:06+00:00,0.7671174,FRESH,3.4,0.2618864118411996,0.2618864118411996,3.8184493535555073,-0.1095861997399213,0.2653141222573406,0.2653141222573406,0.0,3.769117118575592,0.2941176470588235,0.2695035460992908,8,consensus_non_mybookie,0.0076171342580911,-0.0041894238419501,NO_BET,-0.0979319843250419,-9.793198432504193,0.88,"Derived, live validation building",26.465706112867032,0.0,15.123260635924016,PASS,1.404214116709948,1.5430254835708763,1-1,V1.2,55.76163031796201,NO_BET,NO_BET,STRONG_AGREEMENT,1.0,Modal score 1-1 implies Draw,Brighton,0.399898676994369,MARKET_INCLUDED,"Decision gate: NO_BET; V1.2, V2 context and adjusted direction agree; Modal score 1-1 implies Draw; No positive modeled EV","Focus score = 50% existing rank + 20% V1/V2/adjusted agreement + 15% modal-score support + 15% validation. Research decision aid, not a guarantee."
52,2026-10-12,2026-10-12T19:00:00+00:00,6,Coventry City,Newcastle,Moneyline,Draw,,MyBookie.ag,mybookieag,2026-09-27T19:01:06Z,2026-09-27T19:01:49.999008+00:00,odds_api_mybookie_direct,2026-09-27 19:01:06+00:00,0.7671174,FRESH,3.46,0.2638530182602203,0.2638530182602203,3.789988860441112,-0.0870685568196377,0.2636345992916407,0.2636345992916407,0.0,3.7931288331914623,0.2890173410404624,0.2633676427744879,8,consensus_non_mybookie,0.0004853754857323,0.0002669565171528,NO_BET,-0.0878242864509231,-8.78242864509231,0.88,"Derived, live validation building",26.38172996458204,0.0,15.075274265475446,PASS,1.3244807124765108,1.5610921262519488,1-1,V1.2,55.737637132737724,NO_BET,NO_BET,STRONG_AGREEMENT,1.0,Modal score 1-1 implies Draw,Newcastle,0.4250562545353609,MARKET_INCLUDED,"Decision gate: NO_BET; V1.2, V2 context and adjusted direction agree; Modal score 1-1 implies Draw; No positive modeled EV","Focus score = 50% existing rank + 20% V1/V2/adjusted agreement + 15% modal-score support + 15% validation. Research decision aid, not a guarantee."
53,2026-10-11,2026-10-11T13:00:00+00:00,6,Crystal Palace,Nott'm Forest,Moneyline,Draw,,MyBookie.ag,mybookieag,2026-09-27T19:01:06Z,2026-09-27T19:01:49.999008+00:00,odds_api_mybookie_direct,2026-09-27 19:01:06+00:00,0.7671174,FRESH,3.18,0.2498753972166016,0.2498753972166016,4.0019946386845024,-0.2053962368512069,0.2624789173917612,0.2624789173917612,0.0,3.809829794853415,0.3144654088050314,0.2778832198280674,8,consensus_non_mybookie,0.0280078226114658,-0.0154043024363061,NO_BET,-0.1653170426941993,-16.531704269419933,0.88,"Derived, live validation building",26.323945869588066,0.0,15.042254782621749,PASS,1.7601258654260534,1.286788874025405,1-1,V1.2,55.72112739131087,NO_BET,NO_BET,STRONG_AGREEMENT,1.0,Modal score 1-1 implies Draw,Crystal Palace,0.4602820049806623,MARKET_INCLUDED,"Decision gate: NO_BET; V1.2, V2 context and adjusted direction agree; Modal score 1-1 implies Draw; No positive modeled EV","Focus score = 50% existing rank + 20% V1/V2/adjusted agreement + 15% modal-score support + 15% validation. Research decision aid, not a guarantee."
54,2026-10-10,2026-10-10T14:00:00+00:00,6,Ipswich Town,Fulham,Moneyline,Draw,,MyBookie.ag,mybookieag,2026-09-27T19:01:06Z,2026-09-27T19:01:49.999008+00:00,odds_api_mybookie_direct,2026-09-27 19:01:06+00:00,0.7671174,FRESH,3.38,0.2546915475116853,0.2546915475116853,3.926317970776473,-0.1391425694105036,0.2610235559995811,0.2610235559995811,0.0,3.831071859283094,0.2958579881656805,0.268762677484787,8,consensus_non_mybookie,0.0140711299731016,-0.0077391214852058,NO_BET,-0.1177403807214159,-11.77403807214159,0.88,"Derived, live validation building",26.25117779997905,0.0,15.000673028559458,PASS,1.2756725276280814,1.7014803077776877,1-1,V1.2,55.70033651427973,NO_BET,NO_BET,STRONG_AGREEMENT,1.0,Modal score 1-1 implies Draw,Fulham,0.4524984661738933,MARKET_INCLUDED,"Decision gate: NO_BET; V1.2, V2 context and adjusted direction agree; Modal score 1-1 implies Draw; No positive modeled EV","Focus score = 50% existing rank + 20% V1/V2/adjusted agreement + 15% modal-score support + 15% validation. Research decision aid, not a guarantee."
55,2026-10-10,2026-10-10T14:00:00+00:00,6,Aston Villa,Brentford,Moneyline,Draw,,MyBookie.ag,mybookieag,2026-09-27T19:01:06Z,2026-09-27T19:01:49.999008+00:00,odds_api_mybookie_direct,2026-09-27 19:01:06+00:00,0.7671174,FRESH,3.42,0.2445964370867987,0.2445964370867987,4.088366993036513,-0.1634801851631484,0.2532998708871734,0.2532998708871734,0.0,3.947889892314343,0.2923976608187134,0.2639374010876314,8,consensus_non_mybookie,0.0193409640008327,-0.0106375302004579,NO_BET,-0.1337144415658668,-13.371444156586689,0.88,"Derived, live validation building",25.864993544358672,0.0,14.779996311062098,PASS,1.711519166730294,1.59527599744479,1-1,V1.2,55.58999815553105,NO_BET,NO_BET,STRONG_AGREEMENT,1.0,Modal score 1-1 implies Draw,Aston Villa,0.3966070886434744,MARKET_INCLUDED,"Decision gate: NO_BET; V1.2, V2 context and adjusted direction agree; Modal score 1-1 implies Draw; No positive modeled EV","Focus score = 50% existing rank + 20% V1/V2/adjusted agreement + 15% modal-score support + 15% validation. Research decision aid, not a guarantee."
56,2026-10-11,2026-10-11T15:30:00+00:00,6,Liverpool,Man City,Moneyline,Draw,,MyBookie.ag,mybookieag,2026-09-27T19:01:06Z,2026-09-27T19:01:49.999008+00:00,odds_api_mybookie_direct,2026-09-27 19:01:06+00:00,0.7671174,FRESH,3.55,0.2403413575715466,0.2403413575715466,4.160748737146967,-0.1467881806210096,0.248949457458648,0.248949457458648,0.0,4.016879611662162,0.2816901408450704,0.2594704684317719,8,consensus_non_mybookie,0.0191291108602253,-0.0105210109731239,NO_BET,-0.1162294260217997,-11.622942602179975,0.88,"Derived, live validation building",25.6474728729324,0.0,14.655698784532795,PASS,1.784169368500562,1.6077729795054656,1-1,V1.2,55.527849392266404,NO_BET,NO_BET,STRONG_AGREEMENT,1.0,Modal score 1-1 implies Draw,Liverpool,0.4079035548263168,MARKET_INCLUDED,"Decision gate: NO_BET; V1.2, V2 context and adjusted direction agree; Modal score 1-1 implies Draw; No positive modeled EV","Focus score = 50% existing rank + 20% V1/V2/adjusted agreement + 15% modal-score support + 15% validation. Research decision aid, not a guarantee."
58,2026-10-10,2026-10-10T14:00:00+00:00,6,Chelsea,Bournemouth,Moneyline,Draw,,MyBookie.ag,mybookieag,2026-09-27T19:01:06Z,2026-09-27T19:01:49.999008+00:00,odds_api_mybookie_direct,2026-09-27 19:01:06+00:00,0.7671174,FRESH,4.0,0.2297761449372643,0.2297761449372643,4.352061874277809,-0.0808954202509427,0.2316741923652845,0.2316741923652845,0.0,4.316406543993831,0.25,0.2339940281106426,8,consensus_non_mybookie,0.0042178831733783,-0.0023198357453581,NO_BET,-0.0733032305388616,-7.330323053886167,0.88,"Derived, live validation building",24.78370961826423,0.0,14.162119781865274,PASS,1.9672879754439807,1.6261354312070204,1-1,V1.2,55.28105989093264,NO_BET,NO_BET,STRONG_AGREEMENT,1.0,Modal score 1-1 implies Draw,Chelsea,0.4679028152116155,MARKET_INCLUDED,"Decision gate: NO_BET; V1.2, V2 context and adjusted direction agree; Modal score 1-1 implies Draw; No positive modeled EV","Focus score = 50% existing rank + 20% V1/V2/adjusted agreement + 15% modal-score support + 15% validation. Research decision aid, not a guarantee."
10,2026-10-10,2026-10-10T14:00:00+00:00,6,Aston Villa,Brentford,Total,Over 2.5,2.5,MyBookie.ag,mybookieag,2026-09-27T19:01:06Z,2026-09-27T19:01:49.999008+00:00,odds_api_mybookie_direct,2026-09-27 19:01:06+00:00,0.7671174,FRESH,1.65,0.6108891420787288,0.6108891420787288,1.636958215687396,0.0079670844299024,0.5942872626274394,0.5942872626274394,0.0,1.6826879236462844,0.6060606060606061,0.5634552007893305,4,consensus_non_mybookie,0.0474339412893982,0.0308320618381088,REVIEW,-0.0194260166647251,-1.9426016664725096,1.0,Calibrated O/U 2.5,50.06481021504507,0.0,28.608462980025752,PASS,1.711519166730294,1.59527599744479,1-1,V1.2,49.304231490012874,NO_BET,REVIEW,STRONG_AGREEMENT,0.0,Modal score 1-1 opposes over 2.5,Aston Villa,0.3966070886434744,MARKET_INCLUDED,"Decision gate: REVIEW; V1.2, V2 context and adjusted direction agree; Modal score 1-1 opposes over 2.5; No positive modeled EV","Focus score = 50% existing rank + 20% V1/V2/adjusted agreement + 15% modal-score support + 15% validation. Research decision aid, not a guarantee."
15,2026-10-10,2026-10-10T14:00:00+00:00,6,Sunderland,Brighton,Total,Over 2.5,2.5,MyBookie.ag,mybookieag,2026-09-27T19:01:06Z,2026-09-27T19:01:49.999008+00:00,odds_api_mybookie_direct,2026-09-27 19:01:06+00:00,0.7671174,FRESH,1.78,0.5534890298868308,0.5534890298868308,1.806720541876801,-0.0147895268014411,0.5438824527597734,0.5438824527597734,0.0,1.8386325849010032,0.5617977528089888,0.5260416666666667,6,consensus_non_mybookie,0.027447363220164,0.0178407860931066,NO_BET,-0.0318892340876033,-3.1889234087603304,1.0,Calibrated O/U 2.5,45.36350667265809,0.0,25.92200381294748,PASS,1.404214116709948,1.5430254835708763,1-1,V1.2,47.96100190647374,NO_BET,NO_BET,STRONG_AGREEMENT,0.0,Modal score 1-1 opposes over 2.5,Brighton,0.399898676994369,MARKET_INCLUDED,"Decision gate: NO_BET; V1.2, V2 context and adjusted direction agree; Modal score 1-1 opposes over 2.5; No positive modeled EV","Focus score = 50% existing rank + 20% V1/V2/adjusted agreement + 15% modal-score support + 15% validation. Research decision aid, not a guarantee."
18,2026-10-10,2026-10-10T14:00:00+00:00,6,Ipswich Town,Fulham,Total,Over 2.5,2.5,MyBookie.ag,mybookieag,2026-09-27T19:01:06Z,2026-09-27T19:01:49.999008+00:00,odds_api_mybookie_direct,2026-09-27 19:01:06+00:00,0.7671174,FRESH,1.7,0.5584871011978876,0.5584871011978876,1.7905516490087603,-0.0505719279635911,0.5540087828804545,0.5540087828804545,0.0,1.805025535517156,0.5882352941176471,0.5456919060052219,6,consensus_non_mybookie,0.0127951951926656,0.0083168768752326,NO_BET,-0.0581850691032273,-5.818506910322735,1.0,Calibrated O/U 2.5,42.70043914402273,0.0,24.40025093944156,PASS,1.2756725276280814,1.7014803077776877,1-1,V1.2,47.200125469720774,NO_BET,NO_BET,STRONG_AGREEMENT,0.0,Modal score 1-1 opposes over 2.5,Fulham,0.4524984661738933,MARKET_INCLUDED,"Decision gate: NO_BET; V1.2, V2 context and adjusted direction agree; Modal score 1-1 opposes over 2.5; No positive modeled EV","Focus score = 50% existing rank + 20% V1/V2/adjusted agreement + 15% modal-score support + 15% validation. Research decision aid, not a guarantee."
20,2026-10-12,2026-10-12T19:00:00+00:00,6,Coventry City,Newcastle,Total,Over 2.5,2.5,MyBookie.ag,mybookieag,2026-09-27T19:01:06Z,2026-09-27T19:01:49.999008+00:00,odds_api_mybookie_direct,2026-09-27 19:01:06+00:00,0.7671174,FRESH,1.63,0.5430549986123914,0.5430549986123914,1.8414341135892127,-0.1148203522618021,0.550601133713439,0.550601133713439,0.0,1.8161967688945064,0.6134969325153374,0.5646153846153846,4,consensus_non_mybookie,0.0215603860029932,-0.0140142509019456,NO_BET,-0.1025201520470944,-10.252015204709448,1.0,Calibrated O/U 2.5,42.53005668567194,0.0,24.30288953466968,PASS,1.3244807124765108,1.5610921262519488,1-1,V1.2,47.15144476733484,NO_BET,NO_BET,STRONG_AGREEMENT,0.0,Modal score 1-1 opposes over 2.5,Newcastle,0.4250562545353609,MARKET_INCLUDED,"Decision gate: NO_BET; V1.2, V2 context and adjusted direction agree; Modal score 1-1 opposes over 2.5; No positive modeled EV","Focus score = 50% existing rank + 20% V1/V2/adjusted agreement + 15% modal-score support + 15% validation. Research decision aid, not a guarantee."
22,2026-10-10,2026-10-10T11:30:00+00:00,6,Arsenal,Leeds,Total,Over 2.5,2.5,MyBookie.ag,mybookieag,2026-09-27T19:01:06Z,2026-09-27T19:01:49.999008+00:00,odds_api_mybookie_direct,2026-09-27 19:01:06+00:00,0.7671174,FRESH,1.68,0.5401685499922463,0.5401685499922463,1.8512740144059745,-0.0925168360130263,0.5395701806165517,0.5395701806165517,0.0,1.8533270294094608,0.5952380952380952,0.5384589232045476,6,consensus_non_mybookie,0.0017096267876987,0.0011112574120041,NO_BET,-0.0935220965641931,-9.352209656419314,1.0,Calibrated O/U 2.5,41.97850903082758,0.0,23.987719446187185,PASS,1.9908958214625463,0.8778120320813771,2-0,V1.2,46.99385972309359,NO_BET,NO_BET,STRONG_AGREEMENT,0.0,Modal score 2-0 opposes over 2.5,Arsenal,0.6347185318298963,MARKET_INCLUDED,"Decision gate: NO_BET; V1.2, V2 context and adjusted direction agree; Modal score 2-0 opposes over 2.5; No positive modeled EV","Focus score = 50% existing rank + 20% V1/V2/adjusted agreement + 15% modal-score support + 15% validation. Research decision aid, not a guarantee."
12,2026-10-10,2026-10-10T11:30:00+00:00,6,Arsenal,Leeds,Spread,Leeds +1.5,1.5,MyBookie.ag,mybookieag,2026-09-27T19:01:06Z,2026-09-27T19:01:49.999008+00:00,odds_api_mybookie_direct,2026-09-27 19:01:06+00:00,0.7671174,FRESH,1.65,0.6118075694237064,0.6118075694237064,1.634500862651883,0.0094824895491155,0.5953621766156634,0.5953621766156634,0.0,1.6796498657077958,0.6060606060606061,0.570694087403599,2,consensus_non_mybookie,0.0411134820201074,0.0246680892120644,NO_BET,-0.0176524085841555,-1.765240858415551,0.84,"Derived, live validation building",48.02893732855596,0.0,27.445107044889117,PASS,1.9908958214625463,0.8778120320813771,2-0,V1.2,46.32255352244456,NO_BET,NO_BET,STRONG_AGREEMENT,0.0,Modal score 2-0 does not cover the spread,Arsenal,0.6347185318298963,MARKET_INCLUDED,"Decision gate: NO_BET; V1.2, V2 context and adjusted direction agree; Modal score 2-0 does not cover the spread; No positive modeled EV","Focus score = 50% existing rank + 20% V1/V2/adjusted agreement + 15% modal-score support + 15% validation. Research decision aid, not a guarantee."
37,2026-10-11,2026-10-11T13:00:00+00:00,6,Hull City,Everton,Total,Over 2.5,2.5,MyBookie.ag,mybookieag,2026-09-27T19:01:06Z,2026-09-27T19:01:49.999008+00:00,odds_api_mybookie_direct,2026-09-27 19:01:06+00:00,0.7671174,FRESH,2.04,0.4363839575167056,0.4363839575167056,2.2915599503029807,-0.1097767266659204,0.4418046525997623,0.4418046525997623,0.0,2.26344379606594,0.4901960784313725,0.4518716577540106,3,consensus_non_mybookie,0.015487700237305,-0.0100670051542482,NO_BET,-0.0987185086964848,-9.87185086964848,1.0,Calibrated O/U 2.5,37.09023262998812,0.0,21.194418645707493,PASS,1.2500924527002084,1.0563633753134452,1-1,V1.2,45.59720932285375,NO_BET,NO_BET,STRONG_AGREEMENT,0.0,Modal score 1-1 opposes over 2.5,Hull City,0.3766916349697338,MARKET_INCLUDED,"Decision gate: NO_BET; V1.2, V2 context and adjusted direction agree; Modal score 1-1 opposes over 2.5; No positive modeled EV","Focus score = 50% existing rank + 20% V1/V2/adjusted agreement + 15% modal-score support + 15% validation. Research decision aid, not a guarantee."
19,2026-10-10,2026-10-10T14:00:00+00:00,6,Aston Villa,Brentford,Moneyline,Aston Villa,,MyBookie.ag,mybookieag,2026-09-27T19:01:06Z,2026-09-27T19:01:49.999008+00:00,odds_api_mybookie_direct,2026-09-27 19:01:06+00:00,0.7671174,FRESH,2.6,0.4021552956374636,0.4021552956374636,2.4866015960697023,0.0456037686574054,0.3854148636287479,0.3854148636287479,0.0,2.594606732560406,0.3846153846153846,0.3649543356180952,8,consensus_non_mybookie,0.0372009600193684,0.0204605280106526,NO_BET,0.0020786454347445,0.2078645434744563,0.88,"Derived, live validation building",41.584506132517696,1.3857636231630426,24.35647362850856,D,1.711519166730294,1.59527599744479,1-1,V1.2,45.37823681425428,NO_BET,NO_BET,STRONG_AGREEMENT,0.0,Modal score 1-1 implies Draw,Aston Villa,0.3966070886434744,MARKET_INCLUDED,"Decision gate: NO_BET; V1.2, V2 context and adjusted direction agree; Modal score 1-1 implies Draw; Positive modeled EV 0.2%","Focus score = 50% existing rank + 20% V1/V2/adjusted agreement + 15% modal-score support + 15% validation. Research decision aid, not a guarantee."
25,2026-10-10,2026-10-10T14:00:00+00:00,6,Chelsea,Bournemouth,Total,Over 3.5,3.5,MyBookie.ag,mybookieag,2026-09-27T19:01:06Z,2026-09-27T19:01:49.999008+00:00,odds_api_mybookie_direct,2026-09-27 19:01:06+00:00,0.7671174,FRESH,2.08,0.4833814963603412,0.4833814963603412,2.068759370248092,0.0054335124295097,0.4692437732691773,0.4692437732691773,0.0,2.131088481010827,0.4807692307692307,0.4429880018141587,6,consensus_non_mybookie,0.0403934945461825,0.0262557714550186,NO_BET,-0.0239729516001111,-2.3972951600111148,0.86,Derived alternate total,40.91692213343941,0.0,23.38109836196538,PASS,1.9672879754439807,1.6261354312070204,1-1,V1.2,44.59054918098269,NO_BET,NO_BET,STRONG_AGREEMENT,0.0,Modal score 1-1 opposes over 3.5,Chelsea,0.4679028152116155,MARKET_INCLUDED,"Decision gate: NO_BET; V1.2, V2 context and adjusted direction agree; Modal score 1-1 opposes over 3.5; No positive modeled EV","Focus score = 50% existing rank + 20% V1/V2/adjusted agreement + 15% modal-score support + 15% validation. Research decision aid, not a guarantee."
33,2026-10-10,2026-10-10T14:00:00+00:00,6,Chelsea,Bournemouth,Moneyline,Chelsea,,MyBookie.ag,mybookieag,2026-09-27T19:01:06Z,2026-09-27T19:01:49.999008+00:00,odds_api_mybookie_direct,2026-09-27 19:01:06+00:00,0.7671174,FRESH,1.69,0.4539648059420056,0.4539648059420056,2.202813933835547,-0.2327994779580105,0.4949209354240216,0.4949209354240216,0.0,2.0205247513792357,0.591715976331361,0.5449784270131524,8,consensus_non_mybookie,0.0910136210711467,-0.0500574915891307,NO_BET,-0.1635836191334034,-16.358361913340346,0.88,"Derived, live validation building",37.94604677120108,0.0,21.68345529782919,PASS,1.9672879754439807,1.6261354312070204,1-1,V1.2,44.041727648914595,NO_BET,NO_BET,STRONG_AGREEMENT,0.0,Modal score 1-1 implies Draw,Chelsea,0.4679028152116155,MARKET_INCLUDED,"Decision gate: NO_BET; V1.2, V2 context and adjusted direction agree; Modal score 1-1 implies Draw; No positive modeled EV","Focus score = 50% existing rank + 20% V1/V2/adjusted agreement + 15% modal-score support + 15% validation. Research decision aid, not a guarantee."
30,2026-10-11,2026-10-11T15:30:00+00:00,6,Liverpool,Man City,Total,Over 3.5,3.5,MyBookie.ag,mybookieag,2026-09-27T19:01:06Z,2026-09-27T19:01:49.999008+00:00,odds_api_mybookie_direct,2026-09-27 19:01:06+00:00,0.7671174,FRESH,2.27,0.4398783614875337,0.4398783614875337,2.273355744570628,-0.0014761194232985,0.4284796817031893,0.4284796817031893,0.0,2.3338329510165816,0.4405286343612334,0.4073107049608355,1,mybookie_devig_fallback,0.0325676565266981,0.0211689767423537,NO_BET,-0.0273511225337602,-2.7351122533760264,0.86,Derived alternate total,38.28753764175142,0.0,21.878592938143665,PASS,1.784169368500562,1.6077729795054656,1-1,V1.2,43.83929646907183,NO_BET,NO_BET,STRONG_AGREEMENT,0.0,Modal score 1-1 opposes over 3.5,Liverpool,0.4079035548263168,MARKET_INCLUDED,"Decision gate: NO_BET; V1.2, V2 context and adjusted direction agree; Modal score 1-1 opposes over 3.5; No positive modeled EV","Focus score = 50% existing rank + 20% V1/V2/adjusted agreement + 15% modal-score support + 15% validation. Research decision aid, not a guarantee."
36,2026-10-10,2026-10-10T14:00:00+00:00,6,Chelsea,Bournemouth,Spread,Chelsea -0.5,-0.5,MyBookie.ag,mybookieag,2026-09-27T19:01:06Z,2026-09-27T19:01:49.999008+00:00,odds_api_mybookie_direct,2026-09-27 19:01:06+00:00,0.7671174,FRESH,1.68,0.4539648059420056,0.4539648059420056,2.202813933835547,-0.2373391260174306,0.491031733306136,0.491031733306136,0.0,2.0365282570781336,0.5952380952380952,0.5466321243523315,2,consensus_non_mybookie,0.0926673184103259,-0.0556003910461955,NO_BET,-0.1750666880456915,-17.506668804569152,0.84,"Derived, live validation building",37.1515866653068,0.0,21.22947809446103,PASS,1.9672879754439807,1.6261354312070204,1-1,V1.2,43.214739047230516,NO_BET,NO_BET,STRONG_AGREEMENT,0.0,Modal score 1-1 does not cover the spread,Chelsea,0.4679028152116155,MARKET_INCLUDED,"Decision gate: NO_BET; V1.2, V2 context and adjusted direction agree; Modal score 1-1 does not cover the spread; No positive modeled EV","Focus score = 50% existing rank + 20% V1/V2/adjusted agreement + 15% modal-score support + 15% validation. Research decision aid, not a guarantee."
42,2026-10-10,2026-10-10T14:00:00+00:00,6,Sunderland,Brighton,Moneyline,Sunderland,,MyBookie.ag,mybookieag,2026-09-27T19:01:06Z,2026-09-27T19:01:49.999008+00:00,odds_api_mybookie_direct,2026-09-27 19:01:06+00:00,0.7671174,FRESH,2.88,0.3383108198910013,0.3383108198910013,2.955861714154413,-0.0256648387139162,0.3353236929632267,0.3353236929632267,0.0,2.982193089796566,0.3472222222222222,0.3316727600515022,8,consensus_non_mybookie,0.006638059839499,0.0036509329117244,NO_BET,-0.034267764265907,-3.426776426590705,0.88,"Derived, live validation building",32.719325901627606,0.0,18.696757658072915,PASS,1.404214116709948,1.5430254835708763,1-1,V1.2,42.54837882903646,NO_BET,NO_BET,STRONG_AGREEMENT,0.0,Modal score 1-1 implies Draw,Brighton,0.399898676994369,MARKET_INCLUDED,"Decision gate: NO_BET; V1.2, V2 context and adjusted direction agree; Modal score 1-1 implies Draw; No positive modeled EV","Focus score = 50% existing rank + 20% V1/V2/adjusted agreement + 15% modal-score support + 15% validation. Research decision aid, not a guarantee."
39,2026-10-12,2026-10-12T19:00:00+00:00,6,Coventry City,Newcastle,Spread,Newcastle -0.5,-0.5,MyBookie.ag,mybookieag,2026-09-27T19:01:06Z,2026-09-27T19:01:49.999008+00:00,odds_api_mybookie_direct,2026-09-27 19:01:06+00:00,0.7671174,FRESH,2.07,0.4208997422020489,0.4208997422020489,2.3758627049003023,-0.1287375336417587,0.4328507261502449,0.4328507261502449,0.0,2.310265270648742,0.4830917874396135,0.4507772020725388,2,consensus_non_mybookie,0.0298774598704898,-0.0179264759222939,NO_BET,-0.1039989968689931,-10.399899686899316,0.84,"Derived, live validation building",34.242536307512246,0.0,19.56716360429271,PASS,1.3244807124765108,1.5610921262519488,1-1,V1.2,42.38358180214635,NO_BET,NO_BET,STRONG_AGREEMENT,0.0,Modal score 1-1 does not cover the spread,Newcastle,0.4250562545353609,MARKET_INCLUDED,"Decision gate: NO_BET; V1.2, V2 context and adjusted direction agree; Modal score 1-1 does not cover the spread; No positive modeled EV","Focus score = 50% existing rank + 20% V1/V2/adjusted agreement + 15% modal-score support + 15% validation. Research decision aid, not a guarantee."
43,2026-10-11,2026-10-11T13:00:00+00:00,6,Hull City,Everton,Moneyline,Everton,,MyBookie.ag,mybookieag,2026-09-27T19:01:06Z,2026-09-27T19:01:49.999008+00:00,odds_api_mybookie_direct,2026-09-27 19:01:06+00:00,0.7671174,FRESH,2.07,0.3016634688525519,0.3016634688525519,3.314952267186132,-0.3755566194752176,0.3718427491052253,0.3718427491052253,0.0,2.6893088608190574,0.4830917874396135,0.4576174249696039,8,consensus_non_mybookie,0.1559539561170519,-0.0857746758643785,NO_BET,-0.2302855093521836,-23.02855093521837,0.88,"Derived, live validation building",31.792137455261265,0.0,18.16693568872072,PASS,1.2500924527002084,1.0563633753134452,1-1,V1.2,42.28346784436036,NO_BET,NO_BET,STRONG_AGREEMENT,0.0,Modal score 1-1 implies Draw,Hull City,0.3766916349697338,MARKET_INCLUDED,"Decision gate: NO_BET; V1.2, V2 context and adjusted direction agree; Modal score 1-1 implies Draw; No positive modeled EV","Focus score = 50% existing rank + 20% V1/V2/adjusted agreement + 15% modal-score support + 15% validation. Research decision aid, not a guarantee."
44,2026-10-10,2026-10-10T14:00:00+00:00,6,Aston Villa,Brentford,Moneyline,Brentford,,MyBookie.ag,mybookieag,2026-09-27T19:01:06Z,2026-09-27T19:01:49.999008+00:00,odds_api_mybookie_direct,2026-09-27 19:01:06+00:00,0.7671174,FRESH,2.48,0.3532482672757374,0.3532482672757374,2.8308702197240314,-0.1239442971561713,0.3606016300948541,0.3606016300948541,0.0,2.7731433153448477,0.4032258064516129,0.3695890735404413,8,consensus_non_mybookie,0.0163408062647039,-0.0089874434455871,NO_BET,-0.1057079573647618,-10.57079573647618,0.88,"Derived, live validation building",31.230081504742703,0.0,17.845760859852973,PASS,1.711519166730294,1.59527599744479,1-1,V1.2,42.12288042992649,NO_BET,NO_BET,STRONG_AGREEMENT,0.0,Modal score 1-1 implies Draw,Aston Villa,0.3966070886434744,MARKET_INCLUDED,"Decision gate: NO_BET; V1.2, V2 context and adjusted direction agree; Modal score 1-1 implies Draw; No positive modeled EV","Focus score = 50% existing rank + 20% V1/V2/adjusted agreement + 15% modal-score support + 15% validation. Research decision aid, not a guarantee."
40,2026-10-10,2026-10-10T14:00:00+00:00,6,Sunderland,Brighton,Spread,Brighton -0.5,-0.5,MyBookie.ag,mybookieag,2026-09-27T19:01:06Z,2026-09-27T19:01:49.999008+00:00,odds_api_mybookie_direct,2026-09-27 19:01:06+00:00,0.7671174,FRESH,2.23,0.3998027682677992,0.3998027682677992,2.5012333064441705,-0.1084398267628076,0.4057609260525431,0.4057609260525431,0.0,2.4645054163507782,0.4484304932735426,0.4146981627296588,1,mybookie_devig_fallback,0.0148953944618595,-0.0089372366771157,NO_BET,-0.0951531349028289,-9.515313490282889,0.84,"Derived, live validation building",32.88804630262715,0.0,18.793169315786944,PASS,1.404214116709948,1.5430254835708763,1-1,V1.2,41.99658465789348,NO_BET,NO_BET,STRONG_AGREEMENT,0.0,Modal score 1-1 does not cover the spread,Brighton,0.399898676994369,MARKET_INCLUDED,"Decision gate: NO_BET; V1.2, V2 context and adjusted direction agree; Modal score 1-1 does not cover the spread; No positive modeled EV","Focus score = 50% existing rank + 20% V1/V2/adjusted agreement + 15% modal-score support + 15% validation. Research decision aid, not a guarantee."
49,2026-10-12,2026-10-12T19:00:00+00:00,6,Coventry City,Newcastle,Moneyline,Coventry City,,MyBookie.ag,mybookieag,2026-09-27T19:01:06Z,2026-09-27T19:01:49.999008+00:00,odds_api_mybookie_direct,2026-09-27 19:01:06+00:00,0.7671174,FRESH,3.16,0.3152472395377306,0.3152472395377306,3.172113422678565,-0.0038187230607712,0.302616233674429,0.302616233674429,0.0,3.3045153852382363,0.3164556962025316,0.2871783376192827,8,consensus_non_mybookie,0.0280689019184479,0.0154378960551463,NO_BET,-0.0437327015888042,-4.373270158880427,0.88,"Derived, live validation building",29.4275889056807,0.0,16.815765088960397,PASS,1.3244807124765108,1.5610921262519488,1-1,V1.2,41.607882544480205,NO_BET,NO_BET,STRONG_AGREEMENT,0.0,Modal score 1-1 implies Draw,Newcastle,0.4250562545353609,MARKET_INCLUDED,"Decision gate: NO_BET; V1.2, V2 context and adjusted direction agree; Modal score 1-1 implies Draw; No positive modeled EV","Focus score = 50% existing rank + 20% V1/V2/adjusted agreement + 15% modal-score support + 15% validation. Research decision aid, not a guarantee."
50,2026-10-10,2026-10-10T14:00:00+00:00,6,Ipswich Town,Fulham,Moneyline,Ipswich Town,,MyBookie.ag,mybookieag,2026-09-27T19:01:06Z,2026-09-27T19:01:49.999008+00:00,odds_api_mybookie_direct,2026-09-27 19:01:06+00:00,0.7671174,FRESH,2.66,0.2793575067211523,0.2793575067211523,3.579642486565343,-0.2569090321217349,0.3138999192976589,0.3138999192976589,0.0,3.185728757871197,0.3759398496240601,0.3561184235578336,8,consensus_non_mybookie,0.0767609168366813,-0.0422185042601747,NO_BET,-0.1650262146682272,-16.50262146682272,0.88,"Derived, live validation building",28.89499596488295,0.0,16.511426265647398,PASS,1.2756725276280814,1.7014803077776877,1-1,V1.2,41.4557131328237,NO_BET,NO_BET,STRONG_AGREEMENT,0.0,Modal score 1-1 implies Draw,Fulham,0.4524984661738933,MARKET_INCLUDED,"Decision gate: NO_BET; V1.2, V2 context and adjusted direction agree; Modal score 1-1 implies Draw; No positive modeled EV","Focus score = 50% existing rank + 20% V1/V2/adjusted agreement + 15% modal-score support + 15% validation. Research decision aid, not a guarantee."
45,2026-10-11,2026-10-11T13:00:00+00:00,6,Hull City,Everton,Spread,Everton -0.5,-0.5,MyBookie.ag,mybookieag,2026-09-27T19:01:06Z,2026-09-27T19:01:49.999008+00:00,odds_api_mybookie_direct,2026-09-27 19:01:06+00:00,0.7671174,FRESH,2.03,0.3016634688525519,0.3016634688525519,3.314952267186132,-0.3876231582293196,0.3674564146448645,0.3674564146448645,0.0,2.721411193668968,0.4926108374384237,0.4661458333333333,3,consensus_non_mybookie,0.1644823644807814,-0.0986894186884688,NO_BET,-0.254063478270925,-25.406347827092503,0.84,"Derived, live validation building",30.97282073224323,0.0,17.698754704138985,PASS,1.2500924527002084,1.0563633753134452,1-1,V1.2,41.4493773520695,NO_BET,NO_BET,STRONG_AGREEMENT,0.0,Modal score 1-1 does not cover the spread,Hull City,0.3766916349697338,MARKET_INCLUDED,"Decision gate: NO_BET; V1.2, V2 context and adjusted direction agree; Modal score 1-1 does not cover the spread; No positive modeled EV","Focus score = 50% existing rank + 20% V1/V2/adjusted agreement + 15% modal-score support + 15% validation. Research decision aid, not a guarantee."
46,2026-10-10,2026-10-10T14:00:00+00:00,6,Aston Villa,Brentford,Spread,Brentford -0.5,-0.5,MyBookie.ag,mybookieag,2026-09-27T19:01:06Z,2026-09-27T19:01:49.999008+00:00,odds_api_mybookie_direct,2026-09-27 19:01:06+00:00,0.7671174,FRESH,2.41,0.3532482672757374,0.3532482672757374,2.830870219724031,-0.1486716758654727,0.3654016457874373,0.3654016457874373,0.0,2.7367145483020714,0.4149377593360995,0.3836317135549872,1,mybookie_devig_fallback,0.0303834462792497,-0.0182300677675498,NO_BET,-0.1193820336522759,-11.938203365227595,0.84,"Derived, live validation building",30.87008228937187,0.0,17.64004702249821,PASS,1.711519166730294,1.59527599744479,1-1,V1.2,41.420023511249106,NO_BET,NO_BET,STRONG_AGREEMENT,0.0,Modal score 1-1 does not cover the spread,Aston Villa,0.3966070886434744,MARKET_INCLUDED,"Decision gate: NO_BET; V1.2, V2 context and adjusted direction agree; Modal score 1-1 does not cover the spread; No positive modeled EV","Focus score = 50% existing rank + 20% V1/V2/adjusted agreement + 15% modal-score support + 15% validation. Research decision aid, not a guarantee."
47,2026-10-11,2026-10-11T15:30:00+00:00,6,Liverpool,Man City,Spread,Man City -0.5,-0.5,MyBookie.ag,mybookieag,2026-09-27T19:01:06Z,2026-09-27T19:01:49.999008+00:00,odds_api_mybookie_direct,2026-09-27 19:01:06+00:00,0.7671174,FRESH,2.36,0.3431709122972907,0.3431709122972907,2.9139998880024387,-0.1901166469783938,0.3626035783062095,0.3626035783062095,0.0,2.757832685135626,0.423728813559322,0.3917525773195877,1,mybookie_devig_fallback,0.0485816650222969,-0.0291489990133781,NO_BET,-0.1442555551973456,-14.425555519734568,0.84,"Derived, live validation building",30.730178915310475,0.0,17.560102237320272,PASS,1.784169368500562,1.6077729795054656,1-1,V1.2,41.38005111866014,NO_BET,NO_BET,STRONG_AGREEMENT,0.0,Modal score 1-1 does not cover the spread,Liverpool,0.4079035548263168,MARKET_INCLUDED,"Decision gate: NO_BET; V1.2, V2 context and adjusted direction agree; Modal score 1-1 does not cover the spread; No positive modeled EV","Focus score = 50% existing rank + 20% V1/V2/adjusted agreement + 15% modal-score support + 15% validation. Research decision aid, not a guarantee."
57,2026-10-10,2026-10-10T11:30:00+00:00,6,Arsenal,Leeds,Moneyline,Draw,,MyBookie.ag,mybookieag,2026-09-27T19:01:06Z,2026-09-27T19:01:49.999008+00:00,odds_api_mybookie_direct,2026-09-27 19:01:06+00:00,0.7671174,FRESH,4.6,0.223626709283448,0.223626709283448,4.471737759788321,0.0286828627038606,0.2080414528045036,0.2080414528045036,0.0,4.806734362404685,0.2173913043478261,0.1889928059969048,8,consensus_non_mybookie,0.0346339032865431,0.0190486468075987,NO_BET,-0.0430093170992835,-4.300931709928357,0.88,"Derived, live validation building",24.82544214785056,0.0,14.185966941628887,PASS,1.9908958214625463,0.8778120320813771,2-0,V1.2,40.29298347081445,NO_BET,NO_BET,STRONG_AGREEMENT,0.0,Modal score 2-0 implies Arsenal,Arsenal,0.6347185318298963,MARKET_INCLUDED,"Decision gate: NO_BET; V1.2, V2 context and adjusted direction agree; Modal score 2-0 implies Arsenal; No positive modeled EV","Focus score = 50% existing rank + 20% V1/V2/adjusted agreement + 15% modal-score support + 15% validation. Research decision aid, not a guarantee."
