GameweekRank,Date,KickoffUTC,FPLGameweek,HomeTeam,AwayTeam,MarketType,Selection,Line,Bookmaker,BookmakerKey,BookLastUpdate,QuoteCapturedAt,PriceSource,PriceTimestampUTC,PriceAgeMinutes,PriceFreshnessStatus,MyBookieOdds,RawModelWinProbability,RawModelEffectiveProbability,RawModelFairOdds,RawExpectedReturnPerUnit,ModelWinProbability,DecisionEffectiveProbability,PushProbability,ModelFairOdds,MyBookieImpliedProbability,ConsensusFairProbability,ConsensusBookCount,MarketPriorSource,RawModelMarketGap,ProbabilityEdge,DecisionStatus,ExpectedReturnPerUnit,ExpectedProfitPer100,ValidationFactor,ValidationStatus,BetQualityScore,ProfitabilityScore,OverallRankScore,Grade,Lambda_Home_xG,Lambda_Away_xG,MostLikelyScore,ModelVersion,V2ModelVersion,V2WinProbability,V2PushProbability,V2ExpectedReturnPerUnit,V1V2ProbabilityGap,V2Agreement,V2AdmissionStatus,ExtremeEdgeFlag,ExtremeEdgeThreshold,ExtremeLinePairValid,ExtremeConsensusBookCount,ExtremeConsensusMedianOdds,ExtremeConsensusMedianImpliedProbability,ExtremeRawModelConsensusProbabilityGap,ExtremeMyBookieConsensusPriceDeviationPct,ExtremeEdgeSanityPass,ExtremeEdgeSanityStatus
1,2026-10-11,2026-10-11T13:00:00+00:00,6,Hull City,Everton,Moneyline,Hull City,,MyBookie.ag,mybookieag,2026-10-06T21:36:14Z,2026-10-06T21:36:37.977585+00:00,odds_api_mybookie_direct,2026-10-06 21:36:14+00:00,0.425406,FRESH,3.44,0.3970911861346559,0.3970911861346559,2.5183132613295887,0.3659936803032162,0.3353186597850994,0.3353186597850994,0.0,2.9822378529154463,0.2906976744186046,0.2598189053578638,8,consensus_non_mybookie,0.1372722807767921,0.0754997544272356,BET_ELIGIBLE,0.153496189660742,15.349618966074209,0.88,"Derived, live validation building",64.96593298925497,100.0,79.98053313671711,B,1.2500924527002084,1.0563633753134452,1-1,V1.2,V2-shadow.4,0.3970911861346559,0.0,0.3659936803032162,0.0,True,ADMITTED: V1.2 and V2.3 agree,False,0.25,True,0,,,,,True,"PASS: normal edge, extreme audit not required"
2,2026-10-10,2026-10-10T14:00:00+00:00,6,Chelsea,Bournemouth,Moneyline,Bournemouth,,MyBookie.ag,mybookieag,2026-10-06T21:36:14Z,2026-10-06T21:36:37.977585+00:00,odds_api_mybookie_direct,2026-10-06 21:36:14+00:00,0.425406,FRESH,4.3,0.3162590491207305,0.3162590491207305,3.161964860073472,0.3599139112191409,0.2700020316740503,0.2700020316740503,0.0,3.703675834584874,0.2325581395348837,0.2134656770169968,8,consensus_non_mybookie,0.1027933721037336,0.0565363546570535,BET_ELIGIBLE,0.1610087361984165,16.10087361984165,0.88,"Derived, live validation building",61.70010158370252,100.0,78.11434376211572,B,1.9672879754439807,1.6261354312070204,1-1,V1.2,V2-shadow.4,0.3162590491207305,0.0,0.35991391121914096,0.0,True,ADMITTED: V1.2 and V2.3 agree,False,0.25,True,0,,,,,True,"PASS: normal edge, extreme audit not required"
3,2026-10-11,2026-10-11T13:00:00+00:00,6,Hull City,Everton,Spread,Hull City +0.5,0.5,MyBookie.ag,mybookieag,2026-10-06T21:36:14Z,2026-10-06T21:36:37.977585+00:00,odds_api_mybookie_direct,2026-10-06 21:36:14+00:00,0.425406,FRESH,1.71,0.698336531147448,0.698336531147448,1.431974349611761,0.194155468262136,0.6335852520218022,0.6335852520218022,0.0,1.5783195660078104,0.5847953216374269,0.5364583333333334,3,consensus_non_mybookie,0.1618781978141146,0.0971269186884687,BET_ELIGIBLE,0.0834307809572816,8.343078095728169,0.84,"Derived, live validation building",67.6296492686144,55.62052063818778,62.48287985557441,C,1.2500924527002084,1.0563633753134452,1-1,V1.2,V2-shadow.4,0.698336531147448,0.0,0.19415546826213603,0.0,True,ADMITTED: V1.2 and V2.3 agree,False,0.25,True,0,,,,,True,"PASS: normal edge, extreme audit not required"
4,2026-10-11,2026-10-11T13:00:00+00:00,6,Crystal Palace,Nott'm Forest,Moneyline,Crystal Palace,,MyBookie.ag,mybookieag,2026-10-06T21:36:14Z,2026-10-06T21:36:37.977585+00:00,odds_api_mybookie_direct,2026-10-06 21:36:14+00:00,0.425406,FRESH,2.56,0.4775446707053613,0.4775446707053613,2.094044937247319,0.2225143570057248,0.4249351037596183,0.4249351037596183,0.0,2.3533005184850304,0.390625,0.3606345219370435,8,consensus_non_mybookie,0.1169101487683177,0.0643005818225748,BET_ELIGIBLE,0.0878338656246228,8.783386562462281,0.88,"Derived, live validation building",58.56768167228989,58.555910416415216,58.5626368483436,D,1.7601258654260534,1.286788874025405,1-1,V1.2,V2-shadow.4,0.4775446707053613,0.0,0.22251435700572486,0.0,True,ADMITTED: V1.2 and V2.3 agree,False,0.25,True,0,,,,,True,"PASS: normal edge, extreme audit not required"
5,2026-10-11,2026-10-11T13:00:00+00:00,6,Crystal Palace,Nott'm Forest,Spread,Crystal Palace -0.5,-0.5,MyBookie.ag,mybookieag,2026-10-06T21:36:14Z,2026-10-06T21:36:37.977585+00:00,odds_api_mybookie_direct,2026-10-06 21:36:14+00:00,0.425406,FRESH,2.48,0.4775446707053613,0.4775446707053613,2.094044937247319,0.184310783349296,0.4360217519181663,0.4360217519181663,0.0,2.2934635613951726,0.4032258064516129,0.3737373737373737,1,mybookie_devig_fallback,0.1038072969679875,0.0622843781807925,REVIEW_LOW_MARKET_SUPPORT,0.0813339447570523,8.133394475705236,0.84,"Derived, live validation building",57.38452792839247,54.222629838034905,56.02942874681065,D,1.7601258654260534,1.286788874025405,1-1,V1.2,V2-shadow.4,0.47754467070536133,0.0,0.18431078334929607,5.551115123125783e-17,True,ADMITTED: V1.2 and V2.3 agree,False,0.25,True,0,,,,,True,"PASS: normal edge, extreme audit not required"
6,2026-10-10,2026-10-10T14:00:00+00:00,6,Chelsea,Bournemouth,Spread,Bournemouth +0.5,0.5,MyBookie.ag,mybookieag,2026-10-06T21:36:14Z,2026-10-06T21:36:37.977585+00:00,odds_api_mybookie_direct,2026-10-06 21:36:14+00:00,0.425406,FRESH,2.11,0.5460351940579946,0.5460351940579946,1.8313837841994292,0.1521342594623685,0.5079319972638123,0.5079319972638123,0.0,1.9687674834169089,0.4739336492890995,0.4507772020725388,2,consensus_non_mybookie,0.0952579919854557,0.0571547951912734,BET_ELIGIBLE,0.0717365142266439,7.173651422664396,0.84,"Derived, live validation building",59.30048985285331,47.82434281776264,54.38214112352873,D,1.9672879754439807,1.6261354312070204,1-1,V1.2,V2-shadow.4,0.5460351940579946,0.0,0.15213425946236858,0.0,True,ADMITTED: V1.2 and V2.3 agree,False,0.25,True,0,,,,,True,"PASS: normal edge, extreme audit not required"
7,2026-10-11,2026-10-11T13:00:00+00:00,6,Crystal Palace,Nott'm Forest,Total,Over 2.5,2.5,MyBookie.ag,mybookieag,2026-10-06T21:36:14Z,2026-10-06T21:36:37.977585+00:00,odds_api_mybookie_direct,2026-10-06 21:36:14+00:00,0.425406,FRESH,1.91,0.5699849278902749,0.5699849278902749,1.7544323561350472,0.0886712122704249,0.537722579107791,0.537722579107791,0.0,1.8596950153352996,0.5235602094240838,0.4778067885117493,6,consensus_non_mybookie,0.0921781393785255,0.0599157905960416,BET_ELIGIBLE,0.0270501260958807,2.7050126095880698,1.0,Calibrated O/U 2.5,55.36990102216867,18.0334173972538,39.36855089720515,D,1.7601258654260534,1.286788874025405,1-1,V1.2,V2-shadow.4,0.5872370866452715,0.0,0.12162283549246855,0.017252158754996638,True,ADMITTED: V1.2 and V2.3 agree,False,0.25,True,0,,,,,True,"PASS: normal edge, extreme audit not required"
8,2026-10-10,2026-10-10T14:00:00+00:00,6,Ipswich Town,Fulham,Moneyline,Fulham,,MyBookie.ag,mybookieag,2026-10-06T21:36:14Z,2026-10-06T21:36:37.977585+00:00,odds_api_mybookie_direct,2026-10-06 21:36:14+00:00,0.425406,FRESH,2.37,0.4659509457671624,0.4659509457671624,2.1461486645414047,0.104303741468175,0.4297213900159778,0.4297213900159778,0.0,2.32708918670029,0.4219409282700421,0.3854408218756412,8,consensus_non_mybookie,0.0805101238915211,0.0442805681403365,REVIEW,0.0184396943378676,1.843969433786763,0.88,"Derived, live validation building",46.66301600992573,12.29312955857842,31.933064673634025,D,1.2756725276280814,1.7014803077776877,1-1,V1.2,V2-shadow.4,0.4659509457671624,0.0,0.104303741468175,0.0,True,ADMITTED: V1.2 and V2.3 agree,False,0.25,True,0,,,,,True,"PASS: normal edge, extreme audit not required"
9,2026-10-10,2026-10-10T14:00:00+00:00,6,Ipswich Town,Fulham,Spread,Fulham -0.5,-0.5,MyBookie.ag,mybookieag,2026-10-06T21:36:14Z,2026-10-06T21:36:37.977585+00:00,odds_api_mybookie_direct,2026-10-06 21:36:14+00:00,0.425406,FRESH,2.31,0.4659509457671624,0.4659509457671624,2.1461486645414043,0.0763466847221452,0.4395705674602975,0.4395705674602975,0.0,2.2749475829960364,0.4329004329004329,0.4,1,mybookie_devig_fallback,0.0659509457671624,0.0395705674602974,REVIEW,0.0154080108332871,1.5408010833287134,0.84,"Derived, live validation building",46.02493026884012,10.272007222191425,30.70224896313354,D,1.2756725276280814,1.7014803077776877,1-1,V1.2,V2-shadow.4,0.46595094576716245,0.0,0.07634668472214523,5.551115123125783e-17,True,ADMITTED: V1.2 and V2.3 agree,False,0.25,True,0,,,,,True,"PASS: normal edge, extreme audit not required"
10,2026-10-10,2026-10-10T14:00:00+00:00,6,Aston Villa,Brentford,Total,Over 2.5,2.5,MyBookie.ag,mybookieag,2026-10-06T21:36:14Z,2026-10-06T21:36:37.977585+00:00,odds_api_mybookie_direct,2026-10-06 21:36:14+00:00,0.425406,FRESH,1.64,0.6108891420787288,0.6108891420787288,1.636958215687396,0.0018581930091151,0.5951405738071214,0.5951405738071214,0.0,1.6802752895891269,0.6097560975609756,0.5658932327312791,4,consensus_non_mybookie,0.0449959093474496,0.0292473410758422,NO_BET,-0.023969458956321,-2.3969458956321024,1.0,Calibrated O/U 2.5,49.312373372999886,0.0,28.17849907028565,PASS,1.711519166730294,1.59527599744479,1-1,V1.2,V2-shadow.4,0.6419353190077692,0.0,0.05277392317274149,0.031046176929040437,True,ADMITTED: V1.2 and V2.3 agree,False,0.25,True,0,,,,,True,"PASS: normal edge, extreme audit not required"
11,2026-10-10,2026-10-10T11:30:00+00:00,6,Arsenal,Leeds,Spread,Leeds +1.5,1.5,MyBookie.ag,mybookieag,2026-10-06T21:36:14Z,2026-10-06T21:36:37.977585+00:00,odds_api_mybookie_direct,2026-10-06 21:36:14+00:00,0.425406,FRESH,1.66,0.6118075694237064,0.6118075694237064,1.634500862651883,0.0156005652433525,0.5953621766156634,0.5953621766156634,0.0,1.6796498657077958,0.6024096385542169,0.570694087403599,2,consensus_non_mybookie,0.0411134820201074,0.0246680892120644,NO_BET,-0.0116987868179988,-1.1698786817998852,0.84,"Derived, live validation building",49.07082113763337,0.0,28.04046922150477,PASS,1.9908958214625463,0.8778120320813771,2-0,V1.2,V2-shadow.4,0.6118075694237064,0.0,0.015600565243352571,0.0,True,ADMITTED: V1.2 and V2.3 agree,False,0.25,True,0,,,,,True,"PASS: normal edge, extreme audit not required"
15,2026-10-11,2026-10-11T13:00:00+00:00,6,Hull City,Everton,Total,Under 2.5,2.5,MyBookie.ag,mybookieag,2026-10-06T21:36:14Z,2026-10-06T21:36:37.977585+00:00,odds_api_mybookie_direct,2026-10-06 21:36:14+00:00,0.425406,FRESH,1.72,0.5636160424832943,0.5636160424832943,1.7742575168620047,-0.0305804069287337,0.5564287565958645,0.5564287565958645,0.0,1.7971752684347733,0.5813953488372093,0.5430809399477807,6,consensus_non_mybookie,0.0205351025355136,0.0133478166480838,NO_BET,-0.0429425386551129,-4.294253865511299,1.0,Calibrated O/U 2.5,44.05649356514846,0.0,25.175139180084837,PASS,1.2500924527002084,1.0563633753134452,1-1,V1.2,V2-shadow.4,0.5943276303692792,0.0,0.022243524235160128,0.030711587885984826,True,ADMITTED: V1.2 and V2.3 agree,False,0.25,True,0,,,,,True,"PASS: normal edge, extreme audit not required"
24,2026-10-10,2026-10-10T14:00:00+00:00,6,Chelsea,Bournemouth,Total,Over 3.5,3.5,MyBookie.ag,mybookieag,2026-10-06T21:36:14Z,2026-10-06T21:36:37.977585+00:00,odds_api_mybookie_direct,2026-10-06 21:36:14+00:00,0.425406,FRESH,2.09,0.4833814963603412,0.4833814963603412,2.068759370248092,0.010267327393113,0.4678732303661805,0.4678732303661805,0.0,2.137331086921453,0.4784688995215311,0.4390721649484536,6,consensus_non_mybookie,0.0443093314118876,0.0288010654177269,NO_BET,-0.0221449485346827,-2.214494853468274,0.86,Derived alternate total,41.16829552473955,0.0,23.52474029985117,PASS,1.9672879754439807,1.6261354312070204,1-1,V1.2,V2-shadow.4,0.4833814963603412,0.0,0.01026732739311309,0.0,True,ADMITTED: V1.2 and V2.3 agree,False,0.25,True,0,,,,,True,"PASS: normal edge, extreme audit not required"
25,2026-10-10,2026-10-10T14:00:00+00:00,6,Aston Villa,Brentford,Moneyline,Aston Villa,,MyBookie.ag,mybookieag,2026-10-06T21:36:14Z,2026-10-06T21:36:37.977585+00:00,odds_api_mybookie_direct,2026-10-06 21:36:14+00:00,0.425406,FRESH,2.61,0.4021552956374636,0.4021552956374636,2.4866015960697023,0.0496253216137799,0.3825358403382281,0.3825358403382281,0.0,2.6141341399954223,0.3831417624521073,0.3585565060836068,8,consensus_non_mybookie,0.0435987895538568,0.0239793342546212,NO_BET,-0.0015814567172247,-0.158145671722476,0.88,"Derived, live validation building",40.800037091397066,0.0,23.31430690936975,PASS,1.711519166730294,1.59527599744479,1-1,V1.2,V2-shadow.4,0.4021552956374636,0.0,0.04962532161377997,0.0,True,ADMITTED: V1.2 and V2.3 agree,False,0.25,True,0,,,,,True,"PASS: normal edge, extreme audit not required"
28,2026-10-11,2026-10-11T15:30:00+00:00,6,Liverpool,Man City,Moneyline,Liverpool,,MyBookie.ag,mybookieag,2026-10-06T21:36:14Z,2026-10-06T21:36:37.977585+00:00,odds_api_mybookie_direct,2026-10-06 21:36:14+00:00,0.425406,FRESH,2.5,0.4164877301311628,0.4164877301311628,2.4010311172554206,0.041219325327907,0.3951696083159544,0.3951696083159544,0.0,2.530558977603507,0.4,0.3691141260973664,8,consensus_non_mybookie,0.0473736040337964,0.026055482218588,NO_BET,-0.0120759792101139,-1.207597921011394,0.88,"Derived, live validation building",39.59518405402778,0.0,22.625819459444447,PASS,1.784169368500562,1.6077729795054656,1-1,V1.2,V2-shadow.4,0.4164877301311628,0.0,0.041219325327907064,0.0,True,ADMITTED: V1.2 and V2.3 agree,False,0.25,True,0,,,,,True,"PASS: normal edge, extreme audit not required"
30,2026-10-11,2026-10-11T15:30:00+00:00,6,Liverpool,Man City,Total,Over 3.5,3.5,MyBookie.ag,mybookieag,2026-10-06T21:36:14Z,2026-10-06T21:36:37.977585+00:00,odds_api_mybookie_direct,2026-10-06 21:36:14+00:00,0.425406,FRESH,2.28,0.4398783614875337,0.4398783614875337,2.273355744570628,0.0029226641915767,0.4281084349668969,0.4281084349668969,0.0,2.3358568024414748,0.4385964912280702,0.40625,1,mybookie_devig_fallback,0.0336283614875336,0.0218584349668968,NO_BET,-0.0239127682754751,-2.391276827547517,0.86,Derived alternate total,38.87068730013669,0.0,22.211821314363824,PASS,1.784169368500562,1.6077729795054656,1-1,V1.2,V2-shadow.4,0.43987836148753373,0.0,0.002922664191576718,5.551115123125783e-17,True,ADMITTED: V1.2 and V2.3 agree,False,0.25,True,0,,,,,True,"PASS: normal edge, extreme audit not required"
35,2026-10-11,2026-10-11T15:30:00+00:00,6,Liverpool,Man City,Spread,Liverpool -0.5,-0.5,MyBookie.ag,mybookieag,2026-10-06T21:36:14Z,2026-10-06T21:36:37.977585+00:00,odds_api_mybookie_direct,2026-10-06 21:36:14+00:00,0.425406,FRESH,2.43,0.4164877301311628,0.4164877301311628,2.4010311172554206,0.0120651842187258,0.4025643938038885,0.4025643938038885,0.0,2.484074635987691,0.4115226337448559,0.381679389312977,1,mybookie_devig_fallback,0.0348083408181857,0.0208850044909114,NO_BET,-0.0217685230565508,-2.176852305655086,0.84,"Derived, live validation building",37.66872815529803,0.0,21.52498751731316,PASS,1.784169368500562,1.6077729795054656,1-1,V1.2,V2-shadow.4,0.41648773013116286,0.0,0.012065184218725822,5.551115123125783e-17,True,ADMITTED: V1.2 and V2.3 agree,False,0.25,True,0,,,,,True,"PASS: normal edge, extreme audit not required"
43,2026-10-12,2026-10-12T19:00:00+00:00,6,Coventry City,Newcastle,Moneyline,Coventry City,,MyBookie.ag,mybookieag,2026-10-06T21:36:14Z,2026-10-06T21:36:37.977585+00:00,odds_api_mybookie_direct,2026-10-06 21:36:14+00:00,0.425406,FRESH,3.2,0.3152472395377306,0.3152472395377306,3.172113422678565,0.0087911665207379,0.3031161908367459,0.3031161908367459,0.0,3.2990649468097395,0.3125,0.2882893535355424,8,consensus_non_mybookie,0.0269578860021881,0.0148268373012034,NO_BET,-0.030028189322413,-3.0028189322413024,0.88,"Derived, live validation building",31.85087641041502,0.0,18.20050080595144,PASS,1.3244807124765108,1.5610921262519488,1-1,V1.2,V2-shadow.4,0.3152472395377306,0.0,0.00879116652073797,0.0,True,ADMITTED: V1.2 and V2.3 agree,False,0.25,True,0,,,,,True,"PASS: normal edge, extreme audit not required"
57,2026-10-10,2026-10-10T11:30:00+00:00,6,Arsenal,Leeds,Moneyline,Draw,,MyBookie.ag,mybookieag,2026-10-06T21:36:14Z,2026-10-06T21:36:37.977585+00:00,odds_api_mybookie_direct,2026-10-06 21:36:14+00:00,0.425406,FRESH,4.6,0.223626709283448,0.223626709283448,4.471737759788321,0.0286828627038606,0.2084104324077865,0.2084104324077865,0.0,4.798224294469812,0.2173913043478261,0.1898127606708669,8,consensus_non_mybookie,0.033813948612581,0.0185976717369195,NO_BET,-0.0413120109241819,-4.131201092418191,0.88,"Derived, live validation building",25.140919708657496,0.0,14.366239833518568,PASS,1.9908958214625463,0.8778120320813771,2-0,V1.2,V2-shadow.4,0.223626709283448,0.0,0.028682862703860668,0.0,True,ADMITTED: V1.2 and V2.3 agree,False,0.25,True,0,,,,,True,"PASS: normal edge, extreme audit not required"
