GameweekRank,Date,KickoffUTC,FPLGameweek,HomeTeam,AwayTeam,MarketType,Selection,Line,Bookmaker,BookmakerKey,BookLastUpdate,QuoteCapturedAt,PriceSource,PriceTimestampUTC,PriceAgeMinutes,PriceFreshnessStatus,MyBookieOdds,RawModelWinProbability,RawModelEffectiveProbability,RawModelFairOdds,RawExpectedReturnPerUnit,ModelWinProbability,DecisionEffectiveProbability,PushProbability,ModelFairOdds,MyBookieImpliedProbability,ConsensusFairProbability,ConsensusBookCount,MarketPriorSource,RawModelMarketGap,ProbabilityEdge,DecisionStatus,ExpectedReturnPerUnit,ExpectedProfitPer100,ValidationFactor,ValidationStatus,BetQualityScore,ProfitabilityScore,OverallRankScore,Grade,Lambda_Home_xG,Lambda_Away_xG,MostLikelyScore,ModelVersion
1,2026-10-11,2026-10-11T13:00:00+00:00,6,Hull City,Everton,Moneyline,Hull City,,MyBookie.ag,mybookieag,2026-09-27T21:51:47Z,2026-09-27T21:53:16.306382+00:00,odds_api_mybookie_direct,2026-09-27 21:51:47+00:00,1.5049688666666665,FRESH,3.44,0.3971348094133268,0.3971348094133268,2.5180366371743252,0.36614374438184416,0.3356468036000355,0.3356468036000355,0.0,2.979322279474537,0.29069767441860467,0.26049479649490165,8,consensus_non_mybookie,0.13664001291842515,0.07515200710513387,BET_ELIGIBLE,0.1546250043841222,15.462500438412219,0.88,"Derived, live validation building",64.98234018000177,100.0,79.98990867428671,B,1.2501010184685135,1.0561814651850812,1-1,V1.2
2,2026-10-10,2026-10-10T14:00:00+00:00,6,Chelsea,Bournemouth,Moneyline,Bournemouth,,MyBookie.ag,mybookieag,2026-09-27T21:51:47Z,2026-09-27T21:53:16.306382+00:00,odds_api_mybookie_direct,2026-09-27 21:51:47+00:00,1.5049688666666665,FRESH,4.1,0.3162583250727602,0.3162583250727602,3.1619720991374196,0.2966591327983167,0.272302734527723,0.272302734527723,0.0,3.6723832455607988,0.24390243902439027,0.21857923497267756,8,consensus_non_mybookie,0.09767909010008263,0.05372349955504546,BET_ELIGIBLE,0.11644121156366427,11.644121156366428,0.88,"Derived, live validation building",55.94234875002739,77.62747437577619,65.23597401820544,C,1.9673349671036575,1.6261671135470963,1-1,V1.2
3,2026-10-11,2026-10-11T13:00:00+00:00,6,Crystal Palace,Nott'm Forest,Moneyline,Crystal Palace,,MyBookie.ag,mybookieag,2026-09-27T21:51:47Z,2026-09-27T21:53:16.306382+00:00,odds_api_mybookie_direct,2026-09-27 21:51:47+00:00,1.5049688666666665,FRESH,2.58,0.4775334204289401,0.4775334204289401,2.0940942711439106,0.23203622470666552,0.4258799381663103,0.4258799381663103,0.0,2.348079612074824,0.38759689922480617,0.36274790428976267,8,consensus_non_mybookie,0.11478551613917742,0.06313203387654764,BET_ELIGIBLE,0.09877024046908067,9.877024046908067,0.88,"Derived, live validation building",60.528788990404635,65.84682697938712,62.80794812853999,C,1.7601093221541944,1.2868222009334622,1-1,V1.2
4,2026-10-11,2026-10-11T13:00:00+00:00,6,Hull City,Everton,Spread,Hull City +0.5,0.5,MyBookie.ag,mybookieag,2026-09-27T21:51:47Z,2026-09-27T21:53:16.306382+00:00,odds_api_mybookie_direct,2026-09-27 21:51:47+00:00,1.5049688666666665,FRESH,1.7,0.6983894636657989,0.6983894636657989,1.4318658170343348,0.18726208823185808,0.632575344866146,0.632575344866146,0.0,1.5808393547358406,0.5882352941176471,0.5338541666666666,3,consensus_non_mybookie,0.16453529699913227,0.09872117819947934,BET_ELIGIBLE,0.07537808627244813,7.537808627244813,0.84,"Derived, live validation building",66.16993234098571,50.25205751496542,59.34798598697701,D,1.2501010184685135,1.0561814651850812,1-1,V1.2
5,2026-10-11,2026-10-11T13:00:00+00:00,6,Crystal Palace,Nott'm Forest,Spread,Crystal Palace -0.5,-0.5,MyBookie.ag,mybookieag,2026-09-27T21:51:47Z,2026-09-27T21:53:16.306382+00:00,odds_api_mybookie_direct,2026-09-27 21:51:47+00:00,1.5049688666666665,FRESH,2.5,0.4775334204289401,0.4775334204289401,2.0940942711439106,0.19383355107235023,0.434630883491621,0.434630883491621,0.0,2.300802906517982,0.4,0.37027707808564236,1,mybookie_devig_fallback,0.10725634234329773,0.06435380540597863,REVIEW_LOW_MARKET_SUPPORT,0.0865772087290525,8.65772087290525,0.84,"Derived, live validation building",58.232555702165236,57.718139152701674,58.01209146668085,D,1.7601093221541944,1.2868222009334622,1-1,V1.2
6,2026-10-11,2026-10-11T13:00:00+00:00,6,Crystal Palace,Nott'm Forest,Total,Over 2.5,2.5,MyBookie.ag,mybookieag,2026-09-27T21:51:47Z,2026-09-27T21:53:16.306382+00:00,odds_api_mybookie_direct,2026-09-27 21:51:47+00:00,1.5049688666666665,FRESH,1.96,0.569987157681271,0.569987157681271,1.754425492791868,0.11717482905529109,0.5363770691594928,0.5363770691594928,0.0,1.8643600882621774,0.5102040816326531,0.4739583333333334,6,consensus_non_mybookie,0.09602882434793752,0.062418735826159366,BET_ELIGIBLE,0.05129905555260583,5.129905555260583,1.0,Calibrated O/U 2.5,59.54618817968066,34.19937036840389,48.68326626056204,D,1.7601093221541944,1.2868222009334622,1-1,V1.2
7,2026-10-10,2026-10-10T14:00:00+00:00,6,Chelsea,Bournemouth,Spread,Bournemouth +0.5,0.5,MyBookie.ag,mybookieag,2026-09-27T21:51:47Z,2026-09-27T21:53:16.306382+00:00,odds_api_mybookie_direct,2026-09-27 21:51:47+00:00,1.5049688666666665,FRESH,2.07,0.5460311622048422,0.5460311622048422,1.8313973069999485,0.13028450576402317,0.5089658475819726,0.5089658475819726,0.0,1.964768372476982,0.48309178743961356,0.4533678756476684,2,consensus_non_mybookie,0.09266328655717376,0.05559797193430421,BET_ELIGIBLE,0.05355930449468327,5.355930449468326,0.84,"Derived, live validation building",56.1711706656682,35.70620299645552,47.40047023600562,D,1.9673349671036575,1.6261671135470963,1-1,V1.2
8,2026-10-10,2026-10-10T14:00:00+00:00,6,Ipswich Town,Fulham,Moneyline,Fulham,,MyBookie.ag,mybookieag,2026-09-27T21:51:47Z,2026-09-27T21:53:16.306382+00:00,odds_api_mybookie_direct,2026-09-27 21:51:47+00:00,1.5049688666666665,FRESH,2.44,0.4660042416647111,0.4660042416647111,2.145903214158934,0.1370503496618951,0.4256228197310069,0.4256228197310069,0.0,2.349498085257738,0.4098360655737705,0.3762677484787018,8,consensus_non_mybookie,0.08973649318600929,0.049355071252305094,REVIEW,0.03851968014365681,3.851968014365681,0.88,"Derived, live validation building",49.97208501169029,25.67978676243787,39.56110004772496,D,1.2756121150578648,1.7016459899608325,1-1,V1.2
9,2026-10-10,2026-10-10T14:00:00+00:00,6,Ipswich Town,Fulham,Spread,Fulham -0.5,-0.5,MyBookie.ag,mybookieag,2026-09-27T21:51:47Z,2026-09-27T21:53:16.306382+00:00,odds_api_mybookie_direct,2026-09-27 21:51:47+00:00,1.5049688666666665,FRESH,2.38,0.4660042416647111,0.4660042416647111,2.145903214158934,0.1090900951620124,0.4354999808962625,0.4354999808962625,0.0,2.2962113521612375,0.42016806722689076,0.3897435897435897,1,mybookie_devig_fallback,0.07626065192112141,0.045756391152672826,REVIEW,0.036489954533104774,3.6489954533104774,0.84,"Derived, live validation building",49.51074108810646,24.326636355403185,38.71755334551934,D,1.2756121150578648,1.7016459899608325,1-1,V1.2
10,2026-10-10,2026-10-10T14:00:00+00:00,6,Aston Villa,Brentford,Total,Over 2.5,2.5,MyBookie.ag,mybookieag,2026-09-27T21:51:47Z,2026-09-27T21:53:16.306382+00:00,odds_api_mybookie_direct,2026-09-27 21:51:47+00:00,1.5049688666666665,FRESH,1.65,0.6108967140689825,0.6108967140689825,1.6369379257899888,0.00797957821382106,0.5942921844211043,0.5942921844211043,0.0,1.6826739880048949,0.6060606060606061,0.5634552007893305,4,consensus_non_mybookie,0.04744151327965196,0.030836983631773784,REVIEW,-0.019417895705177934,-1.9417895705177934,1.0,Calibrated O/U 2.5,50.066477472649076,0.0,28.609415698656612,PASS,1.711528284910965,1.5953221354706535,1-1,V1.2
11,2026-10-11,2026-10-11T15:30:00+00:00,6,Liverpool,Man City,Moneyline,Liverpool,,MyBookie.ag,mybookieag,2026-09-27T21:51:47Z,2026-09-27T21:53:16.306382+00:00,odds_api_mybookie_direct,2026-09-27 21:51:47+00:00,1.5049688666666665,FRESH,2.59,0.4164777980742729,0.4164777980742729,2.4010883764364896,0.0786774970123667,0.39073285004064645,0.39073285004064645,0.0,2.5592933890661453,0.3861003861003861,0.35926680244399184,8,consensus_non_mybookie,0.057210995630281036,0.03146604759665461,REVIEW,0.011998081605274158,1.1998081605274158,0.88,"Derived, live validation building",43.5863067829553,7.998721070182772,28.334484334624214,D,1.784191412051835,1.6078494387904512,1-1,V1.2
12,2026-10-10,2026-10-10T11:30:00+00:00,6,Arsenal,Leeds,Spread,Leeds +1.5,1.5,MyBookie.ag,mybookieag,2026-09-27T21:51:47Z,2026-09-27T21:53:16.306382+00:00,odds_api_mybookie_direct,2026-09-27 21:51:47+00:00,1.5049688666666665,FRESH,1.65,0.6117896032207931,0.6117896032207931,1.6345488624446318,0.009452845314308622,0.5953513968939155,0.5953513968939155,0.0,1.6796802782646163,0.6060606060606061,0.570694087403599,2,consensus_non_mybookie,0.04109551581719417,0.024657309490316526,NO_BET,-0.017670195125039534,-1.7670195125039534,0.84,"Derived, live validation building",48.02528569781386,0.0,27.44302039875077,PASS,1.9909611581945903,0.8778019841215658,2-0,V1.2
13,2026-10-11,2026-10-11T15:30:00+00:00,6,Liverpool,Man City,Spread,Liverpool +0.5,0.5,MyBookie.ag,mybookieag,2026-09-27T21:51:47Z,2026-09-27T21:53:16.306382+00:00,odds_api_mybookie_direct,2026-09-27 21:51:47+00:00,1.5049688666666665,FRESH,1.52,0.656815485699764,0.656815485699764,1.5224975990549476,-0.0016404617363587337,0.6373882604920234,0.6373882604920234,0.0,1.5689024445289648,0.6578947368421053,0.6082474226804124,1,mybookie_devig_fallback,0.04856806301935157,0.02914083781161092,NO_BET,-0.031169844052124474,-3.116984405212447,0.84,"Derived, live validation building",47.764690315479385,0.0,27.294108751702503,PASS,1.784191412051835,1.6078494387904512,1-1,V1.2
14,2026-10-10,2026-10-10T11:30:00+00:00,6,Arsenal,Leeds,Moneyline,Arsenal,,MyBookie.ag,mybookieag,2026-09-27T21:51:47Z,2026-09-27T21:53:16.306382+00:00,odds_api_mybookie_direct,2026-09-27 21:51:47+00:00,1.5049688666666665,FRESH,1.4,0.6259078840525665,0.6259078840525665,1.5976791880704535,-0.12372896232640701,0.654979074673985,0.654979074673985,0.0,1.5267663329515508,0.7142857142857143,0.6905105298779408,8,consensus_non_mybookie,0.06460264582537434,-0.03553145520395584,NO_BET,-0.08302929545642107,-8.302929545642106,0.88,"Derived, live validation building",45.94895373369925,0.0,26.25654499068528,PASS,1.9909611581945903,0.8778019841215658,2-0,V1.2
15,2026-10-10,2026-10-10T14:00:00+00:00,6,Sunderland,Brighton,Total,Over 2.5,2.5,MyBookie.ag,mybookieag,2026-09-27T21:51:47Z,2026-09-27T21:53:16.306382+00:00,odds_api_mybookie_direct,2026-09-27 21:51:47+00:00,1.5049688666666665,FRESH,1.78,0.553482419473717,0.553482419473717,1.8067421201035756,-0.014801293336783705,0.5438781559912494,0.5438781559912494,0.0,1.838647110541592,0.5617977528089888,0.5260416666666667,6,consensus_non_mybookie,0.027440752807050273,0.017836489324582705,NO_BET,-0.03189688233557597,-3.189688233557597,1.0,Calibrated O/U 2.5,45.361953390836675,0.0,25.92111622333524,PASS,1.4041577697710648,1.5430447306007036,1-1,V1.2
16,2026-10-10,2026-10-10T14:00:00+00:00,6,Aston Villa,Brentford,Spread,Aston Villa +0.5,0.5,MyBookie.ag,mybookieag,2026-09-27T21:51:47Z,2026-09-27T21:53:16.306382+00:00,odds_api_mybookie_direct,2026-09-27 21:51:47+00:00,1.5049688666666665,FRESH,1.5,0.6467426603280093,0.6467426603280093,1.5462100482019057,-0.029886009507986033,0.6345929107748107,0.6345929107748107,0.0,1.5758133805482366,0.6666666666666666,0.6163682864450128,1,mybookie_devig_fallback,0.030374373882996464,0.01822462432979788,NO_BET,-0.04811063383778391,-4.811063383778391,0.84,"Derived, live validation building",44.660284617128355,0.0,25.520162638359057,PASS,1.711528284910965,1.5953221354706535,1-1,V1.2
17,2026-10-11,2026-10-11T13:00:00+00:00,6,Hull City,Everton,Total,Under 2.5,2.5,MyBookie.ag,mybookieag,2026-09-27T21:51:47Z,2026-09-27T21:53:16.306382+00:00,odds_api_mybookie_direct,2026-09-27 21:51:47+00:00,1.5049688666666665,FRESH,1.7,0.5636498284312519,0.5636498284312519,1.7741511654198427,-0.04179529166687179,0.5582173082664099,0.5582173082664099,0.0,1.791417043490792,0.5882352941176471,0.5481283422459893,3,consensus_non_mybookie,0.015521486185262612,0.010088966020420642,NO_BET,-0.05103057594710314,-5.1030575947103145,1.0,Calibrated O/U 2.5,42.9108654133205,0.0,24.520494521897426,PASS,1.2501010184685135,1.0561814651850812,1-1,V1.2
18,2026-10-10,2026-10-10T14:00:00+00:00,6,Ipswich Town,Fulham,Total,Over 2.5,2.5,MyBookie.ag,mybookieag,2026-09-27T21:51:47Z,2026-09-27T21:53:16.306382+00:00,odds_api_mybookie_direct,2026-09-27 21:51:47+00:00,1.5049688666666665,FRESH,1.7,0.5585041946840277,0.5585041946840277,1.7904968476839238,-0.05054286903715299,0.5540198936464457,0.5540198936464457,0.0,1.8049893360655418,0.5882352941176471,0.5456919060052219,6,consensus_non_mybookie,0.012812288678805794,0.008327987641223777,NO_BET,-0.05816618080104241,-5.8166180801042415,1.0,Calibrated O/U 2.5,42.70099468232228,0.0,24.400568389898446,PASS,1.2756121150578648,1.7016459899608325,1-1,V1.2
19,2026-10-10,2026-10-10T14:00:00+00:00,6,Aston Villa,Brentford,Moneyline,Aston Villa,,MyBookie.ag,mybookieag,2026-09-27T21:51:47Z,2026-09-27T21:53:16.306382+00:00,odds_api_mybookie_direct,2026-09-27 21:51:47+00:00,1.5049688666666665,FRESH,2.6,0.4021484375863907,0.4021484375863907,2.4866440014085027,0.04558593772461572,0.38541109170065774,0.38541109170065774,0.0,2.5946321253688334,0.3846153846153846,0.3649543356180952,8,consensus_non_mybookie,0.03719410196829548,0.020456756082562533,NO_BET,0.0020688384217101286,0.20688384217101286,0.88,"Derived, live validation building",41.58260130883215,1.3792256144734192,24.35258315410698,D,1.711528284910965,1.5953221354706535,1-1,V1.2
20,2026-10-12,2026-10-12T19:00:00+00:00,6,Coventry City,Newcastle,Total,Over 2.5,2.5,MyBookie.ag,mybookieag,2026-09-27T21:51:47Z,2026-09-27T21:53:16.306382+00:00,odds_api_mybookie_direct,2026-09-27 21:51:47+00:00,1.5049688666666665,FRESH,1.63,0.543017035011861,0.543017035011861,1.8415628525874095,-0.11488223293066657,0.5505764573730944,0.5505764573730944,0.0,1.8162781691959575,0.6134969325153374,0.5646153846153846,4,consensus_non_mybookie,0.02159834960352358,-0.014038927242290278,NO_BET,-0.10256037448185629,-10.256037448185628,1.0,Calibrated O/U 2.5,42.528822868654714,0.0,24.30218449637412,PASS,1.3243734853700726,1.5609786516883826,1-1,V1.2
21,2026-10-10,2026-10-10T14:00:00+00:00,6,Sunderland,Brighton,Spread,Sunderland +0.5,0.5,MyBookie.ag,mybookieag,2026-09-27T21:51:47Z,2026-09-27T21:53:16.306382+00:00,odds_api_mybookie_direct,2026-09-27 21:51:47+00:00,1.5049688666666665,FRESH,1.58,0.600180947868851,0.600180947868851,1.6661641852358762,-0.05171410236721535,0.594229303629447,0.594229303629447,0.0,1.6828520469996644,0.6329113924050632,0.5853018372703411,1,mybookie_devig_fallback,0.014879110598509881,0.008927466359105907,NO_BET,-0.06111770026547364,-6.111770026547364,0.84,"Derived, live validation building",42.31146518147235,0.0,24.177980103698484,PASS,1.4041577697710648,1.5430447306007036,1-1,V1.2
22,2026-10-10,2026-10-10T11:30:00+00:00,6,Arsenal,Leeds,Total,Over 2.5,2.5,MyBookie.ag,mybookieag,2026-09-27T21:51:47Z,2026-09-27T21:53:16.306382+00:00,odds_api_mybookie_direct,2026-09-27 21:51:47+00:00,1.5049688666666665,FRESH,1.68,0.5401777415079008,0.5401777415079008,1.851242513637289,-0.09250139426672677,0.5395761551017272,0.5395761551017272,0.0,1.8533065083490732,0.5952380952380952,0.5384589232045476,6,consensus_non_mybookie,0.0017188183033531867,0.0011172318971796047,NO_BET,-0.09351205942909835,-9.351205942909836,1.0,Calibrated O/U 2.5,41.97880775508636,0.0,23.987890145763632,PASS,1.9909611581945903,0.8778019841215658,2-0,V1.2
23,2026-10-11,2026-10-11T15:30:00+00:00,6,Liverpool,Man City,Total,Under 3.5,3.5,MyBookie.ag,mybookieag,2026-09-27T21:51:47Z,2026-09-27T21:53:16.306382+00:00,odds_api_mybookie_direct,2026-09-27 21:51:47+00:00,1.5049688666666665,FRESH,1.56,0.5601000843571534,0.5601000843571534,1.7853951961955785,-0.12624386840284063,0.5715063080958573,0.5715063080958573,0.0,1.749761963838678,0.641025641025641,0.5926892950391646,1,mybookie_devig_fallback,0.03258921068201115,-0.021182986943307225,NO_BET,-0.10845015937046254,-10.845015937046254,0.86,Derived alternate total,41.475315404792866,0.0,23.700180231310206,PASS,1.784191412051835,1.6078494387904512,1-1,V1.2
24,2026-10-12,2026-10-12T19:00:00+00:00,6,Coventry City,Newcastle,Spread,Coventry City +0.5,0.5,MyBookie.ag,mybookieag,2026-09-27T21:51:47Z,2026-09-27T21:53:16.306382+00:00,odds_api_mybookie_direct,2026-09-27 21:51:47+00:00,1.5049688666666665,FRESH,1.68,0.5791058435605153,0.5791058435605153,1.7268000506637993,-0.02710218281833432,0.5671526253072936,0.5671526253072936,0.0,1.7631938130554925,0.5952380952380952,0.5492227979274612,2,consensus_non_mybookie,0.029883045633054106,0.017929827379832397,NO_BET,-0.04718358948374679,-4.718358948374679,0.84,"Derived, live validation building",41.45050310570899,0.0,23.68600177469085,PASS,1.3243734853700726,1.5609786516883826,1-1,V1.2
25,2026-10-10,2026-10-10T14:00:00+00:00,6,Chelsea,Bournemouth,Total,Over 3.5,3.5,MyBookie.ag,mybookieag,2026-09-27T21:51:47Z,2026-09-27T21:53:16.306382+00:00,odds_api_mybookie_direct,2026-09-27 21:51:47+00:00,1.5049688666666665,FRESH,2.08,0.4833982295193215,0.4833982295193215,2.068687758733361,0.005468317400188827,0.4692546498225145,0.4692546498225145,0.0,2.131039085874223,0.4807692307692307,0.4429880018141587,6,consensus_non_mybookie,0.04041022770516278,0.02626664800835582,NO_BET,-0.02395032836916977,-2.395032836916977,0.86,Derived alternate total,40.92142502652102,0.0,23.383671443726296,PASS,1.9673349671036575,1.6261671135470963,1-1,V1.2
26,2026-10-11,2026-10-11T13:00:00+00:00,6,Crystal Palace,Nott'm Forest,Spread,Nott'm Forest +0.5,0.5,MyBookie.ag,mybookieag,2026-09-27T21:51:47Z,2026-09-27T21:53:16.306382+00:00,odds_api_mybookie_direct,2026-09-27 21:51:47+00:00,1.5049688666666665,FRESH,1.47,0.52246657957106,0.52246657957106,1.9139980222677406,-0.2319741280305418,0.5653691165083791,0.5653691165083791,0.0,1.7687559698623536,0.6802721088435374,0.6297229219143576,1,mybookie_devig_fallback,0.10725634234329762,-0.06435380540597857,NO_BET,-0.1689073987326828,-16.89073987326828,0.84,"Derived, live validation building",40.868455825418955,0.0,23.353403328810828,PASS,1.7601093221541944,1.2868222009334622,1-1,V1.2
27,2026-10-10,2026-10-10T14:00:00+00:00,6,Ipswich Town,Fulham,Spread,Ipswich Town +0.5,0.5,MyBookie.ag,mybookieag,2026-09-27T21:51:47Z,2026-09-27T21:53:16.306382+00:00,odds_api_mybookie_direct,2026-09-27 21:51:47+00:00,1.5049688666666665,FRESH,1.52,0.5339957583352888,0.5339957583352888,1.8726740510401458,-0.18832644733036102,0.5645000191037374,0.5645000191037374,0.0,1.771479125169403,0.6578947368421053,0.6102564102564102,1,mybookie_devig_fallback,0.07626065192112141,-0.045756391152672826,NO_BET,-0.14195997096231916,-14.195997096231917,0.84,"Derived, live validation building",40.825000955186866,0.0,23.328571974392492,PASS,1.2756121150578648,1.7016459899608325,1-1,V1.2
28,2026-10-12,2026-10-12T19:00:00+00:00,6,Coventry City,Newcastle,Total,Under 2.5,2.5,MyBookie.ag,mybookieag,2026-09-27T21:51:47Z,2026-09-27T21:53:16.306382+00:00,odds_api_mybookie_direct,2026-09-27 21:51:47+00:00,1.5049688666666665,FRESH,2.14,0.4569829649881389,0.4569829649881389,2.1882653766447406,-0.022056454925382663,0.44942354262690565,0.44942354262690565,0.0,2.2250725766499553,0.4672897196261682,0.43538461538461537,4,consensus_non_mybookie,0.021598349603523526,0.014038927242290278,NO_BET,-0.03823361877842191,-3.8233618778421907,1.0,Calibrated O/U 2.5,39.53029384512144,0.0,22.58873934006939,PASS,1.3243734853700726,1.5609786516883826,1-1,V1.2
29,2026-10-10,2026-10-10T14:00:00+00:00,6,Chelsea,Bournemouth,Total,Under 3.5,3.5,MyBookie.ag,mybookieag,2026-09-27T21:51:47Z,2026-09-27T21:53:16.306382+00:00,odds_api_mybookie_direct,2026-09-27 21:51:47+00:00,1.5049688666666665,FRESH,1.67,0.5166017704806783,0.5166017704806783,1.9357270089677354,-0.1372750432972672,0.5307453501774854,0.5307453501774854,0.0,1.8841427431546829,0.5988023952095809,0.5570119981858414,6,consensus_non_mybookie,0.040410227705163004,-0.026266648008355986,NO_BET,-0.11365526520359948,-11.365526520359948,0.86,Derived alternate total,39.43726750887427,0.0,22.535581433642438,PASS,1.9673349671036575,1.6261671135470963,1-1,V1.2
30,2026-10-11,2026-10-11T15:30:00+00:00,6,Liverpool,Man City,Total,Over 3.5,3.5,MyBookie.ag,mybookieag,2026-09-27T21:51:47Z,2026-09-27T21:53:16.306382+00:00,odds_api_mybookie_direct,2026-09-27 21:51:47+00:00,1.5049688666666665,FRESH,2.27,0.4398999156428464,0.4398999156428464,2.2732443549998256,-0.0014271914907385552,0.4284936919041426,0.4284936919041426,0.0,2.3337566430819425,0.44052863436123346,0.40731070496083555,1,mybookie_devig_fallback,0.03258921068201087,0.02118298694330706,NO_BET,-0.02731931937759624,-2.731931937759624,0.86,Derived alternate total,38.29380370412779,0.0,21.882173545215878,PASS,1.784191412051835,1.6078494387904512,1-1,V1.2
31,2026-10-11,2026-10-11T13:00:00+00:00,6,Crystal Palace,Nott'm Forest,Total,Under 2.5,2.5,MyBookie.ag,mybookieag,2026-09-27T21:51:47Z,2026-09-27T21:53:16.306382+00:00,odds_api_mybookie_direct,2026-09-27 21:51:47+00:00,1.5049688666666665,FRESH,1.76,0.430012842318729,0.430012842318729,2.325511941940543,-0.2431773975190369,0.4636229308405072,0.4636229308405072,0.0,2.1569252370392653,0.5681818181818182,0.5260416666666667,6,consensus_non_mybookie,0.09602882434793775,-0.06241873582615953,NO_BET,-0.1840236417207073,-18.40236417207073,1.0,Calibrated O/U 2.5,38.18114654202536,0.0,21.81779802401449,PASS,1.7601093221541944,1.2868222009334622,1-1,V1.2
32,2026-10-10,2026-10-10T11:30:00+00:00,6,Arsenal,Leeds,Total,Under 2.5,2.5,MyBookie.ag,mybookieag,2026-09-27T21:51:47Z,2026-09-27T21:53:16.306382+00:00,odds_api_mybookie_direct,2026-09-27 21:51:47+00:00,1.5049688666666665,FRESH,2.06,0.4598222584920992,0.4598222584920992,2.174753356393212,-0.05276614750627562,0.46042384489827276,0.46042384489827276,0.0,2.1719118396679535,0.4854368932038835,0.4615410767954523,6,consensus_non_mybookie,0.0017188183033531312,-0.0011172318971795492,NO_BET,-0.05152687950955814,-5.152687950955814,1.0,Calibrated O/U 2.5,38.021192244913635,0.0,21.726395568522076,PASS,1.9909611581945903,0.8778019841215658,2-0,V1.2
33,2026-10-10,2026-10-10T14:00:00+00:00,6,Chelsea,Bournemouth,Moneyline,Chelsea,,MyBookie.ag,mybookieag,2026-09-27T21:51:47Z,2026-09-27T21:53:16.306382+00:00,odds_api_mybookie_direct,2026-09-27 21:51:47+00:00,1.5049688666666665,FRESH,1.69,0.453968837795158,0.453968837795158,2.2027943698885006,-0.23279266412618294,0.4949231529432555,0.4949231529432555,0.0,2.0205156983525745,0.591715976331361,0.5449784270131524,8,consensus_non_mybookie,0.09100958921799435,-0.05005527406989685,NO_BET,-0.1635798715258982,-16.35798715258982,0.88,"Derived, live validation building",37.94615764716278,0.0,21.683518655521585,PASS,1.9673349671036575,1.6261671135470963,1-1,V1.2
34,2026-10-10,2026-10-10T14:00:00+00:00,6,Sunderland,Brighton,Total,Under 2.5,2.5,MyBookie.ag,mybookieag,2026-09-27T21:51:47Z,2026-09-27T21:53:16.306382+00:00,odds_api_mybookie_direct,2026-09-27 21:51:47+00:00,1.5049688666666665,FRESH,1.93,0.446517580526283,0.446517580526283,2.2395534769792516,-0.13822106958427388,0.45612184400875067,0.45612184400875067,0.0,2.1923966438687272,0.5181347150259068,0.4739583333333334,6,consensus_non_mybookie,0.02744075280705044,-0.01783648932458276,NO_BET,-0.11968484106311122,-11.968484106311122,1.0,Calibrated O/U 2.5,37.80609220043753,0.0,21.603481257392875,PASS,1.4041577697710648,1.5430447306007036,1-1,V1.2
35,2026-10-10,2026-10-10T14:00:00+00:00,6,Ipswich Town,Fulham,Total,Under 2.5,2.5,MyBookie.ag,mybookieag,2026-09-27T21:51:47Z,2026-09-27T21:53:16.306382+00:00,odds_api_mybookie_direct,2026-09-27 21:51:47+00:00,1.5049688666666665,FRESH,2.03,0.4414958053159723,0.4414958053159723,2.265027182499082,-0.1037635152085763,0.44598010635355434,0.44598010635355434,0.0,2.242252481116819,0.4926108374384237,0.4543080939947781,6,consensus_non_mybookie,0.012812288678805794,-0.008327987641223777,NO_BET,-0.09466038410228478,-9.466038410228478,1.0,Calibrated O/U 2.5,37.29900531767771,0.0,21.313717324387262,PASS,1.2756121150578648,1.7016459899608325,1-1,V1.2
36,2026-10-10,2026-10-10T14:00:00+00:00,6,Chelsea,Bournemouth,Spread,Chelsea -0.5,-0.5,MyBookie.ag,mybookieag,2026-09-27T21:51:47Z,2026-09-27T21:53:16.306382+00:00,odds_api_mybookie_direct,2026-09-27 21:51:47+00:00,1.5049688666666665,FRESH,1.68,0.453968837795158,0.453968837795158,2.2027943698885006,-0.23733235250413454,0.49103415241802745,0.49103415241802745,0.0,2.0365182239883786,0.5952380952380952,0.5466321243523315,2,consensus_non_mybookie,0.09266328655717354,-0.0555979719343041,NO_BET,-0.17506262393771388,-17.506262393771387,0.84,"Derived, live validation building",37.15170762090138,0.0,21.22954721194364,PASS,1.9673349671036575,1.6261671135470963,1-1,V1.2
37,2026-10-11,2026-10-11T13:00:00+00:00,6,Hull City,Everton,Total,Over 2.5,2.5,MyBookie.ag,mybookieag,2026-09-27T21:51:47Z,2026-09-27T21:53:16.306382+00:00,odds_api_mybookie_direct,2026-09-27 21:51:47+00:00,1.5049688666666665,FRESH,2.04,0.436350171568748,0.436350171568748,2.2917373823982734,-0.10984564999975405,0.4417826917335899,0.4417826917335899,0.0,2.2635563110811825,0.49019607843137253,0.45187165775401067,3,consensus_non_mybookie,0.015521486185262667,-0.010088966020420753,NO_BET,-0.09876330886347662,-9.876330886347661,1.0,Calibrated O/U 2.5,37.08913458667949,0.0,21.19379119238828,PASS,1.2501010184685135,1.0561814651850812,1-1,V1.2
38,2026-10-10,2026-10-10T14:00:00+00:00,6,Aston Villa,Brentford,Total,Under 2.5,2.5,MyBookie.ag,mybookieag,2026-09-27T21:51:47Z,2026-09-27T21:53:16.306382+00:00,odds_api_mybookie_direct,2026-09-27 21:51:47+00:00,1.5049688666666665,FRESH,2.12,0.3891032859310175,0.3891032859310175,2.570011706807549,-0.17510103382624287,0.4057078155788957,0.4057078155788957,0.0,2.4648280402809637,0.4716981132075471,0.43654479921066935,4,consensus_non_mybookie,0.04744151327965185,-0.030836983631773673,NO_BET,-0.1398994309727411,-13.98994309727411,1.0,Calibrated O/U 2.5,35.28539077894478,0.0,20.1630804451113,PASS,1.711528284910965,1.5953221354706535,1-1,V1.2
39,2026-10-12,2026-10-12T19:00:00+00:00,6,Coventry City,Newcastle,Spread,Newcastle -0.5,-0.5,MyBookie.ag,mybookieag,2026-09-27T21:51:47Z,2026-09-27T21:53:16.306382+00:00,odds_api_mybookie_direct,2026-09-27 21:51:47+00:00,1.5049688666666665,FRESH,2.07,0.4208941564394844,0.4208941564394844,2.3758942354044743,-0.12874909617026736,0.4328473746927062,0.4328473746927062,0.0,2.310283158607432,0.48309178743961356,0.45077720207253885,2,consensus_non_mybookie,0.02988304563305444,-0.017929827379832675,NO_BET,-0.10400593438609829,-10.400593438609828,0.84,"Derived, live validation building",34.242368734635306,0.0,19.56706784836303,PASS,1.3243734853700726,1.5609786516883826,1-1,V1.2
40,2026-10-10,2026-10-10T14:00:00+00:00,6,Sunderland,Brighton,Spread,Brighton -0.5,-0.5,MyBookie.ag,mybookieag,2026-09-27T21:51:47Z,2026-09-27T21:53:16.306382+00:00,odds_api_mybookie_direct,2026-09-27 21:51:47+00:00,1.5049688666666665,FRESH,2.23,0.3998190521311492,0.3998190521311492,2.501131436007653,-0.10840351374753726,0.4057706963705531,0.4057706963705531,0.0,2.4644460749496604,0.4484304932735426,0.4146981627296588,1,mybookie_devig_fallback,0.014879110598509604,-0.00892746635910574,NO_BET,-0.09513134709366666,-9.513134709366666,0.84,"Derived, live validation building",32.88853481852765,0.0,18.793448467730087,PASS,1.4041577697710648,1.5430447306007036,1-1,V1.2
41,2026-10-10,2026-10-10T11:30:00+00:00,6,Arsenal,Leeds,Spread,Arsenal -1.5,-1.5,MyBookie.ag,mybookieag,2026-09-27T21:51:47Z,2026-09-27T21:53:16.306382+00:00,odds_api_mybookie_direct,2026-09-27 21:51:47+00:00,1.5049688666666665,FRESH,2.11,0.3882103967792068,0.3882103967792068,2.575922768417627,-0.1808760627958737,0.40464860310608447,0.40464860310608447,0.0,2.4712800002866575,0.47393364928909953,0.42930591259640094,2,consensus_non_mybookie,0.04109551581719412,-0.02465730949031647,NO_BET,-0.14619144744616175,-14.619144744616175,0.84,"Derived, live validation building",32.83243015530422,0.0,18.76138866017384,PASS,1.9909611581945903,0.8778019841215658,2-0,V1.2
42,2026-10-10,2026-10-10T14:00:00+00:00,6,Sunderland,Brighton,Moneyline,Sunderland,,MyBookie.ag,mybookieag,2026-09-27T21:51:47Z,2026-09-27T21:53:16.306382+00:00,odds_api_mybookie_direct,2026-09-27 21:51:47+00:00,1.5049688666666665,FRESH,2.88,0.3382933220300731,0.3382933220300731,2.9560146029459706,-0.025715232553389478,0.33531406913971623,0.33531406913971623,0.0,2.982278681492864,0.3472222222222222,0.33167276005150226,8,consensus_non_mybookie,0.00662056197857086,0.003641309088213973,NO_BET,-0.034295480877617246,-3.4295480877617246,0.88,"Derived, live validation building",32.71399430340279,0.0,18.69371103051588,PASS,1.4041577697710648,1.5430447306007036,1-1,V1.2
43,2026-10-11,2026-10-11T13:00:00+00:00,6,Hull City,Everton,Moneyline,Everton,,MyBookie.ag,mybookieag,2026-09-27T21:51:47Z,2026-09-27T21:53:16.306382+00:00,odds_api_mybookie_direct,2026-09-27 21:51:47+00:00,1.5049688666666665,FRESH,2.07,0.301610536334201,0.301610536334201,3.315534039871688,-0.375666189788204,0.3718136362201323,0.3718136362201323,0.0,2.6895194328159335,0.48309178743961356,0.4576174249696039,8,consensus_non_mybookie,0.1560068886354029,-0.08580378874947159,NO_BET,-0.23034577302432618,-23.03457730243262,0.88,"Derived, live validation building",31.790681811006614,0.0,18.16610389200378,PASS,1.2501010184685135,1.0561814651850812,1-1,V1.2
44,2026-10-10,2026-10-10T14:00:00+00:00,6,Aston Villa,Brentford,Moneyline,Brentford,,MyBookie.ag,mybookieag,2026-09-27T21:51:47Z,2026-09-27T21:53:16.306382+00:00,odds_api_mybookie_direct,2026-09-27 21:51:47+00:00,1.5049688666666665,FRESH,2.48,0.3532573396719906,0.3532573396719906,2.8307975169844406,-0.12392179761346334,0.3606066199127934,0.3606066199127934,0.0,2.773104942559937,0.40322580645161293,0.3695890735404413,8,consensus_non_mybookie,0.016331733868450715,-0.00898245362764788,NO_BET,-0.10569558261627232,-10.569558261627233,0.88,"Derived, live validation building",31.230330995639672,0.0,17.84590342607981,PASS,1.711528284910965,1.5953221354706535,1-1,V1.2
45,2026-10-11,2026-10-11T13:00:00+00:00,6,Hull City,Everton,Spread,Everton -0.5,-0.5,MyBookie.ag,mybookieag,2026-09-27T21:51:47Z,2026-09-27T21:53:16.306382+00:00,odds_api_mybookie_direct,2026-09-27 21:51:47+00:00,1.5049688666666665,FRESH,2.03,0.301610536334201,0.301610536334201,3.315534039871688,-0.38773061124157204,0.3674246551338539,0.3674246551338539,0.0,2.7216464274442798,0.4926108374384237,0.46614583333333337,3,consensus_non_mybookie,0.16453529699913239,-0.09872117819947945,NO_BET,-0.2541279500782766,-25.41279500782766,0.84,"Derived, live validation building",30.971232756692697,0.0,17.697847289538682,PASS,1.2501010184685135,1.0561814651850812,1-1,V1.2
46,2026-10-10,2026-10-10T14:00:00+00:00,6,Aston Villa,Brentford,Spread,Brentford -0.5,-0.5,MyBookie.ag,mybookieag,2026-09-27T21:51:47Z,2026-09-27T21:53:16.306382+00:00,odds_api_mybookie_direct,2026-09-27 21:51:47+00:00,1.5049688666666665,FRESH,2.41,0.35325733967199063,0.35325733967199063,2.83079751698444,-0.14864981139050248,0.3654070892251893,0.3654070892251893,0.0,2.7366737797025347,0.41493775933609955,0.3836317135549872,1,mybookie_devig_fallback,0.030374373882996575,-0.018224624329797934,NO_BET,-0.11936891496729385,-11.936891496729384,0.84,"Derived, live validation building",30.870354461259463,0.0,17.64020254929112,PASS,1.711528284910965,1.5953221354706535,1-1,V1.2
47,2026-10-11,2026-10-11T15:30:00+00:00,6,Liverpool,Man City,Spread,Man City -0.5,-0.5,MyBookie.ag,mybookieag,2026-09-27T21:51:47Z,2026-09-27T21:53:16.306382+00:00,odds_api_mybookie_direct,2026-09-27 21:51:47+00:00,1.5049688666666665,FRESH,2.36,0.34318451430023583,0.34318451430023583,2.9138843925957203,-0.19008454625144344,0.36261173950797654,0.36261173950797654,0.0,2.7577706153609034,0.42372881355932207,0.3917525773195877,1,mybookie_devig_fallback,0.04856806301935185,-0.029140837811611142,NO_BET,-0.1442362947611754,-14.423629476117538,0.84,"Derived, live validation building",30.730586975398825,0.0,17.560335414513613,PASS,1.784191412051835,1.6078494387904512,1-1,V1.2
48,2026-10-11,2026-10-11T13:00:00+00:00,6,Hull City,Everton,Moneyline,Draw,,MyBookie.ag,mybookieag,2026-09-27T21:51:47Z,2026-09-27T21:53:16.306382+00:00,odds_api_mybookie_direct,2026-09-27 21:51:47+00:00,1.5049688666666665,FRESH,3.28,0.3012546542524719,0.3012546542524719,3.319450789835539,-0.011884734051892276,0.29253220744470765,0.29253220744470765,0.0,3.418427012653001,0.3048780487804878,0.28187143912410684,8,consensus_non_mybookie,0.01938321512836505,0.01066076832060081,NO_BET,-0.04049435958135894,-4.049435958135894,0.88,"Derived, live validation building",29.490097445497565,0.0,16.851484254570035,PASS,1.2501010184685135,1.0561814651850812,1-1,V1.2
49,2026-10-12,2026-10-12T19:00:00+00:00,6,Coventry City,Newcastle,Moneyline,Coventry City,,MyBookie.ag,mybookieag,2026-09-27T21:51:47Z,2026-09-27T21:53:16.306382+00:00,odds_api_mybookie_direct,2026-09-27 21:51:47+00:00,1.5049688666666665,FRESH,3.16,0.3152408474661486,0.3152408474661486,3.1721777429474227,-0.0038389220069704466,0.30261271803505896,0.30261271803505896,0.0,3.304553775840134,0.3164556962025316,0.2871783376192827,8,consensus_non_mybookie,0.028062509846865924,0.015434380415776272,NO_BET,-0.04374381100921365,-4.374381100921365,0.88,"Derived, live validation building",29.425468975140557,0.0,16.814553700080317,PASS,1.3243734853700726,1.5609786516883826,1-1,V1.2
50,2026-10-10,2026-10-10T14:00:00+00:00,6,Ipswich Town,Fulham,Moneyline,Ipswich Town,,MyBookie.ag,mybookieag,2026-09-27T21:51:47Z,2026-09-27T21:53:16.306382+00:00,odds_api_mybookie_direct,2026-09-27 21:51:47+00:00,1.5049688666666665,FRESH,2.66,0.2793160520569383,0.2793160520569383,3.5801737588506044,-0.257019301528544,0.31387711923234124,0.31387711923234124,0.0,3.1859601695266293,0.37593984962406013,0.35611842355783363,8,consensus_non_mybookie,0.0768023715008953,-0.04224130432549239,NO_BET,-0.16508686284197216,-16.508686284197218,0.88,"Derived, live validation building",28.893855961617064,0.0,16.510774835209748,PASS,1.2756121150578648,1.7016459899608325,1-1,V1.2
51,2026-10-10,2026-10-10T14:00:00+00:00,6,Sunderland,Brighton,Moneyline,Draw,,MyBookie.ag,mybookieag,2026-09-27T21:51:47Z,2026-09-27T21:53:16.306382+00:00,odds_api_mybookie_direct,2026-09-27 21:51:47+00:00,1.5049688666666665,FRESH,3.4,0.2618876258387776,0.2618876258387776,3.818431652878539,-0.10958207214815607,0.26531478995600855,0.26531478995600855,0.0,3.7691076331093663,0.29411764705882354,0.2695035460992908,8,consensus_non_mybookie,0.007615920260513165,-0.004188756143282235,NO_BET,-0.09792971414957097,-9.792971414957098,0.88,"Derived, live validation building",26.465739497800428,0.0,15.123279713028813,PASS,1.4041577697710648,1.5430447306007036,1-1,V1.2
52,2026-10-12,2026-10-12T19:00:00+00:00,6,Coventry City,Newcastle,Moneyline,Draw,,MyBookie.ag,mybookieag,2026-09-27T21:51:47Z,2026-09-27T21:53:16.306382+00:00,odds_api_mybookie_direct,2026-09-27 21:51:47+00:00,1.5049688666666665,FRESH,3.46,0.2638649960943668,0.2638649960943668,3.789816818455022,-0.0870271135134908,0.26364118710042134,0.26364118710042134,0.0,3.79303405131118,0.28901734104046245,0.26336764277448793,8,consensus_non_mybookie,0.0004973533198788793,0.00027354432593340583,NO_BET,-0.08780149263254211,-8.780149263254211,0.88,"Derived, live validation building",26.38205935502107,0.0,15.075462488583469,PASS,1.3243734853700726,1.5609786516883826,1-1,V1.2
53,2026-10-11,2026-10-11T13:00:00+00:00,6,Crystal Palace,Nott'm Forest,Moneyline,Draw,,MyBookie.ag,mybookieag,2026-09-27T21:51:47Z,2026-09-27T21:53:16.306382+00:00,odds_api_mybookie_direct,2026-09-27 21:51:47+00:00,1.5049688666666665,FRESH,3.18,0.2498761751539447,0.2498761751539447,4.001982179309076,-0.20539376301045587,0.26247934525729993,0.26247934525729993,0.0,3.809823584479505,0.31446540880503143,0.2778832198280674,8,consensus_non_mybookie,0.02800704467412271,-0.015403874570767473,NO_BET,-0.16531568208178615,-16.531568208178616,0.88,"Derived, live validation building",26.323967262865,0.0,15.042267007351427,PASS,1.7601093221541944,1.2868222009334622,1-1,V1.2
54,2026-10-10,2026-10-10T14:00:00+00:00,6,Ipswich Town,Fulham,Moneyline,Draw,,MyBookie.ag,mybookieag,2026-09-27T21:51:47Z,2026-09-27T21:53:16.306382+00:00,odds_api_mybookie_direct,2026-09-27 21:51:47+00:00,1.5049688666666665,FRESH,3.38,0.2546797062783507,0.2546797062783507,3.926500523394887,-0.13918259277917477,0.26101704332124703,0.26101704332124703,0.0,3.8311674489747736,0.2958579881656805,0.268762677484787,8,consensus_non_mybookie,0.014082971206436312,-0.007745634163539961,NO_BET,-0.11776239357418505,-11.776239357418506,0.88,"Derived, live validation building",26.250852166062355,0.0,15.000486952035631,PASS,1.2756121150578648,1.7016459899608325,1-1,V1.2
55,2026-10-10,2026-10-10T14:00:00+00:00,6,Aston Villa,Brentford,Moneyline,Draw,,MyBookie.ag,mybookieag,2026-09-27T21:51:47Z,2026-09-27T21:53:16.306382+00:00,odds_api_mybookie_direct,2026-09-27 21:51:47+00:00,1.5049688666666665,FRESH,3.42,0.2445942227416185,0.2445942227416185,4.088404005585888,-0.1634877582236648,0.25329865299732435,0.25329865299732435,0.0,3.9479088742353605,0.29239766081871343,0.2639374010876314,8,consensus_non_mybookie,0.01934317834601293,-0.01063874809030707,NO_BET,-0.1337186067491507,-13.37186067491507,0.88,"Derived, live validation building",25.86493264986622,0.0,14.779961514209267,PASS,1.711528284910965,1.5953221354706535,1-1,V1.2
56,2026-10-11,2026-10-11T15:30:00+00:00,6,Liverpool,Man City,Moneyline,Draw,,MyBookie.ag,mybookieag,2026-09-27T21:51:47Z,2026-09-27T21:53:16.306382+00:00,odds_api_mybookie_direct,2026-09-27 21:51:47+00:00,1.5049688666666665,FRESH,3.55,0.2403376876254911,0.2403376876254911,4.160812271599539,-0.14680120892950665,0.2489474389883175,0.2489474389883175,0.0,4.016912180594585,0.28169014084507044,0.25947046843177196,8,consensus_non_mybookie,0.019132780806280864,-0.010523029443454457,NO_BET,-0.11623659159147293,-11.623659159147293,0.88,"Derived, live validation building",25.647371949415877,0.0,14.655641113951928,PASS,1.784191412051835,1.6078494387904512,1-1,V1.2
57,2026-10-10,2026-10-10T11:30:00+00:00,6,Arsenal,Leeds,Moneyline,Draw,,MyBookie.ag,mybookieag,2026-09-27T21:51:47Z,2026-09-27T21:53:16.306382+00:00,odds_api_mybookie_direct,2026-09-27 21:51:47+00:00,1.5049688666666665,FRESH,4.6,0.2236192626531917,0.2236192626531917,4.471886670831606,0.028648608204681736,0.20803735715786265,0.20803735715786265,0.0,4.806828992935059,0.2173913043478261,0.18899280599690488,8,consensus_non_mybookie,0.03462645665628683,0.019044551160957768,NO_BET,-0.043028157073831896,-4.302815707383189,0.88,"Derived, live validation building",24.821940369972552,0.0,14.1839659256986,PASS,1.9909611581945903,0.8778019841215658,2-0,V1.2
58,2026-10-10,2026-10-10T14:00:00+00:00,6,Chelsea,Bournemouth,Moneyline,Draw,,MyBookie.ag,mybookieag,2026-09-27T21:51:47Z,2026-09-27T21:53:16.306382+00:00,odds_api_mybookie_direct,2026-09-27 21:51:47+00:00,1.5049688666666665,FRESH,4.0,0.2297728371320817,0.2297728371320817,4.352124526473789,-0.08090865147167325,0.23167237307243416,0.23167237307243416,0.0,4.316440440169973,0.25,0.23399402811064268,8,consensus_non_mybookie,0.004221190978560996,-0.0023216550382085255,NO_BET,-0.07331050771026337,-7.331050771026337,0.88,"Derived, live validation building",24.78361865362171,0.0,14.162067802069547,PASS,1.9673349671036575,1.6261671135470963,1-1,V1.2
