Season,Shrink,Matches,RPS,LogLoss,Accuracy,AvgP_Home,ActualHomeRate,AvgP_Draw,ActualDrawRate,AvgLambdaHome,ActualHomeGoals,AvgHomeAdvantageLog,Market_RPS,MarketMatches,RPS_Delta_vs_Base
2023/24,0.0,380.0,0.1898430083375596,0.9285567767184595,0.5789473684210527,0.466768495466815,0.4605263157894737,0.20743766534905386,0.21578947368421053,1.7639573730973148,1.8,0.2432796004928338,0.18355258215032902,380.0,0.0
2023/24,0.15,380.0,0.1899377044814242,0.9288564124801995,0.5789473684210527,0.45405835855492077,0.4605263157894737,0.21083540694260952,0.21578947368421053,1.7006460648754043,1.8,0.2432796004928338,0.18355258215032902,380.0,9.469614386459213e-05
2023/24,0.3,380.0,0.19031232450884777,0.9301259649035865,0.5789473684210527,0.441574261887891,0.4605263157894737,0.2140240119467094,0.21578947368421053,1.6396210139870733,1.8,0.2432796004928338,0.18355258215032902,380.0,0.0004693161712881755
2023/24,0.45,380.0,0.19092836489415177,0.9319264951951525,0.5868421052631579,0.4292604818454256,0.4605263157894737,0.21713447488216414,0.21578947368421053,1.580799181022881,1.8,0.2432796004928338,0.18355258215032902,380.0,0.0010853565565921708
2023/24,0.6,380.0,0.19181443617762367,0.934748803479655,0.5842105263157895,0.4171779762300236,0.4605263157894737,0.22006286852289966,0.21578947368421053,1.5241005591415806,1.8,0.2432796004928338,0.18355258215032902,380.0,0.0019714278400640717
2024/25,0.0,380.0,0.19934096230012288,0.9791937731901265,0.5473684210526316,0.46463420264269645,0.40789473684210525,0.21106476111102837,0.24473684210526317,1.8062025135203363,1.513157894736842,0.2269197839768864,0.1972884556725319,380.0,0.0
2024/25,0.15,380.0,0.19863857738634488,0.9766876767007395,0.5394736842105263,0.4522746778698103,0.40789473684210525,0.21443449171728896,0.24473684210526317,1.7460070117623963,1.513157894736842,0.2269197839768864,0.1972884556725319,380.0,-0.0007023849137779981
2024/25,0.3,380.0,0.19818599351370464,0.9748952857698606,0.5289473684210526,0.4401028908352433,0.40789473684210525,0.21765599991571305,0.24473684210526317,1.6876034749958684,1.513157894736842,0.2269197839768864,0.1972884556725319,380.0,-0.0011549687864182423
2024/25,0.45,380.0,0.1979815632420982,0.9738900958526622,0.5342105263157895,0.42810585123182443,0.40789473684210525,0.22078043692883034,0.24473684210526317,1.6311814155042164,1.513157894736842,0.2269197839768864,0.1972884556725319,380.0,-0.0013593990580246795
2024/25,0.6,380.0,0.19801136748464537,0.973532538158481,0.5342105263157895,0.4162790650721322,0.40789473684210525,0.22383255528597623,0.24473684210526317,1.576672697760854,1.513157894736842,0.2269197839768864,0.1972884556725319,380.0,-0.0013295948154775084
2025/26,0.0,380.0,0.20680740126684552,1.0217017225022222,0.4868421052631579,0.4388093265867516,0.4263157894736842,0.23876954182095333,0.2736842105263158,1.6768289501484213,1.5263157894736843,0.19141447023958022,0.19912481031792778,210.0,0.0
2025/26,0.15,380.0,0.20689014870790637,1.0215739499481542,0.48157894736842105,0.4279945654386077,0.4263157894736842,0.24227429207652554,0.2736842105263158,1.6293655401671632,1.5263157894736843,0.19141447023958022,0.19912481031792778,210.0,8.274744106084864e-05
2025/26,0.3,380.0,0.2071454902132995,1.02200161884528,0.48157894736842105,0.41739580987307945,0.4263157894736842,0.24553973727103193,0.2736842105263158,1.5832481664703808,1.5263157894736843,0.19141447023958022,0.19912481031792778,210.0,0.0003380889464539849
2025/26,0.45,380.0,0.2075564677381627,1.022823739588141,0.4842105263157895,0.4068557313356693,0.4263157894736842,0.2488899755995933,0.2736842105263158,1.5384385834221737,1.5263157894736843,0.19141447023958022,0.19912481031792778,210.0,0.0007490664713171724
2025/26,0.6,380.0,0.20813898862697086,1.0242607328544466,0.4868421052631579,0.3965363347360445,0.4263157894736842,0.25200970535897094,0.2736842105263158,1.4948996341465959,1.5263157894736843,0.19141447023958022,0.19912481031792778,210.0,0.0013315873601253414
ALL,0.0,1140.0,0.19866379063484266,0.9764840908036028,0.537719298245614,0.456737341565421,0.43157894736842106,0.21909065609367853,0.24473684210526317,1.7489962789220244,1.6131578947368421,0.22053795156976683,0.19230495313345564,970.0,0.0
ALL,0.15,1140.0,0.19848881019189182,0.9757060130430311,0.5333333333333333,0.44477586728777957,0.43157894736842106,0.22251473024547463,0.24473684210526317,1.6920062056016545,1.6131578947368421,0.22053795156976683,0.19230495313345564,970.0,-0.00017498044295083393
ALL,0.3,1140.0,0.19854793607861732,0.9756742898395756,0.5298245614035088,0.43302432086540454,0.43157894736842106,0.22573991637781807,0.24473684210526317,1.6368242184844408,1.6131578947368421,0.22053795156976683,0.19230495313345564,970.0,-0.00011585455622534213
ALL,0.45,1140.0,0.19882213195813755,0.9762134435453185,0.5350877192982456,0.42140735480430647,0.43157894736842106,0.22893496247019593,0.24473684210526317,1.5834730599830904,1.6131578947368421,0.22053795156976683,0.19230495313345564,970.0,0.00015834132329489714
ALL,0.6,1140.0,0.1993215974297466,0.9775140248308609,0.5350877192982456,0.4099977920127334,0.43157894736842106,0.2319683763892823,0.24473684210526317,1.53189096368301,1.6131578947368421,0.22053795156976683,0.19230495313345564,970.0,0.0006578067949039312
