Date,KickoffUTC,HomeTeam,AwayTeam,Market,Side,ModelVersion,ModelProbability,ModelFairOdds,Bookmaker,MarketOdds,MarketImpliedProbability,ProbabilityDifference,ExpectedReturnPerUnit,BestBookmaker,BestMarketOdds,BestMarketImpliedProbability,BestMarketExpectedReturn,MyBookieAvailable,MyBookieBookmaker,MyBookieOdds,MyBookieImpliedProbability,MyBookieProbabilityDifference,MyBookieExpectedReturn,MyBookiePriceGapVsBest,Lambda_Home_xG,Lambda_Away_xG,Lambda_Total_xG,MostLikelyScore
2026-10-11,2026-10-11T13:00:00+00:00,Crystal Palace,Nott'm Forest,Total Goals 2.5,Over,V1.2,0.569987157681271,1.754425492791868,BetRivers,2.02,0.49504950495049505,0.0749376527307759,0.15137405851616736,BetRivers,2.02,0.49504950495049505,0.15137405851616736,True,MyBookie.ag,1.91,0.5235602094240838,0.046426948257187184,0.08867547117122743,-0.1100000000000001,1.7601093221541944,1.2868222009334622,3.0469315230876566,1-1
2026-10-10,2026-10-10T14:00:00+00:00,Aston Villa,Brentford,Total Goals 2.5,Over,V1.2,0.6108967140689825,1.6369379257899888,Bovada,1.69,0.591715976331361,0.019180737737621523,0.03241544677658048,Bovada,1.69,0.591715976331361,0.03241544677658048,True,MyBookie.ag,1.64,0.6097560975609756,0.0011406165080068975,0.0018706110731312453,-0.050000000000000044,1.711528284910965,1.5953221354706535,3.3068504203816182,1-1
2026-10-12,2026-10-12T19:00:00+00:00,Coventry City,Newcastle,Total Goals 2.5,Under,V1.2,0.45698296498813895,2.18826537664474,BetUS,2.3,0.4347826086956522,0.022200356292486734,0.051060819472719565,BetUS,2.3,0.4347826086956522,0.051060819472719565,True,MyBookie.ag,2.17,0.4608294930875576,-0.0038465280994186557,-0.008346965975738474,-0.1299999999999999,1.3243734853700726,1.5609786516883826,2.8853521370584554,1-1
2026-10-11,2026-10-11T13:00:00+00:00,Hull City,Everton,Total Goals 2.5,Under,V1.2,0.5636498284312519,1.7741511654198427,BetUS,1.84,0.5434782608695652,0.0201715675616867,0.03711568431350343,BetUS,1.84,0.5434782608695652,0.03711568431350343,True,MyBookie.ag,1.72,0.5813953488372093,-0.01774552040595745,-0.030522295098246777,-0.1200000000000001,1.2501010184685135,1.0561814651850812,2.306282483653595,1-1
2026-10-10,2026-10-10T14:00:00+00:00,Sunderland,Brighton,Total Goals 2.5,Over,V1.2,0.553482419473717,1.8067421201035756,Bovada,1.83,0.5464480874316939,0.007034332042023084,0.012872827636902118,Bovada,1.83,0.5464480874316939,0.012872827636902118,True,MyBookie.ag,1.75,0.5714285714285714,-0.017946151954854384,-0.0314057659209952,-0.08000000000000007,1.4041577697710648,1.5430447306007036,2.9472025003717683,1-1
2026-10-10,2026-10-10T14:00:00+00:00,Ipswich Town,Fulham,Total Goals 2.5,Over,V1.2,0.5585041946840277,1.7904968476839238,Bovada,1.74,0.5747126436781609,-0.016208448994133207,-0.02820270124979185,Bovada,1.74,0.5747126436781609,-0.02820270124979185,True,MyBookie.ag,1.7,0.5882352941176471,-0.0297310994336194,-0.05054286903715299,-0.040000000000000036,1.2756121150578648,1.7016459899608323,2.977258105018697,1-1
2026-10-10,2026-10-10T11:30:00+00:00,Arsenal,Leeds,Total Goals 2.5,Over,V1.2,0.5401777415079008,1.851242513637289,LowVig.ag,1.81,0.5524861878453039,-0.012308446337403134,-0.02227828787069963,LowVig.ag,1.81,0.5524861878453039,-0.02227828787069963,True,MyBookie.ag,1.74,0.5747126436781609,-0.03453490217026012,-0.06009072977625263,-0.07000000000000006,1.9909611581945903,0.8778019841215658,2.868763142316156,2-0
2026-10-10,2026-10-10T11:30:00+00:00,Arsenal,Leeds,Total Goals 2.5,Under,V1.2,0.45982225849209923,2.174753356393212,BetUS,2.1,0.47619047619047616,-0.01636821769837693,-0.034373257166591564,BetUS,2.1,0.47619047619047616,-0.034373257166591564,True,MyBookie.ag,1.98,0.5050505050505051,-0.04522824655840585,-0.0895519281856435,-0.1200000000000001,1.9909611581945903,0.8778019841215658,2.868763142316156,2-0
2026-10-10,2026-10-10T14:00:00+00:00,Ipswich Town,Fulham,Total Goals 2.5,Under,V1.2,0.4414958053159723,2.265027182499082,BetUS,2.16,0.4629629629629629,-0.021467157646990587,-0.04636906051749967,BetUS,2.16,0.4629629629629629,-0.04636906051749967,True,MyBookie.ag,2.03,0.4926108374384237,-0.05111503212245139,-0.1037635152085763,-0.13000000000000034,1.2756121150578648,1.7016459899608323,2.977258105018697,1-1
2026-10-12,2026-10-12T19:00:00+00:00,Coventry City,Newcastle,Total Goals 2.5,Over,V1.2,0.543017035011861,1.8415628525874095,BetRivers,1.7,0.5882352941176471,-0.04521825910578603,-0.07687104047983628,BetRivers,1.7,0.5882352941176471,-0.07687104047983628,True,MyBookie.ag,1.62,0.6172839506172839,-0.07426691560542287,-0.12031240328078507,-0.07999999999999985,1.3243734853700726,1.5609786516883826,2.8853521370584554,1-1
2026-10-10,2026-10-10T14:00:00+00:00,Sunderland,Brighton,Total Goals 2.5,Under,V1.2,0.446517580526283,2.2395534769792516,LowVig.ag,2.03,0.4926108374384237,-0.04609325691214072,-0.0935693115316456,LowVig.ag,2.03,0.4926108374384237,-0.0935693115316456,True,MyBookie.ag,1.97,0.5076142131979695,-0.061096632671686524,-0.12036036636322256,-0.05999999999999983,1.4041577697710648,1.5430447306007036,2.9472025003717683,1-1
2026-10-11,2026-10-11T13:00:00+00:00,Hull City,Everton,Total Goals 2.5,Over,V1.2,0.43635017156874806,2.291737382398273,BetRivers,2.16,0.4629629629629629,-0.026612791394214852,-0.05748362941150409,BetRivers,2.16,0.4629629629629629,-0.05748362941150409,True,MyBookie.ag,2.0,0.5,-0.06364982843125194,-0.12729965686250388,-0.16000000000000014,1.2501010184685135,1.0561814651850812,2.306282483653595,1-1
2026-10-10,2026-10-10T14:00:00+00:00,Aston Villa,Brentford,Total Goals 2.5,Under,V1.2,0.3891032859310175,2.570011706807549,BetUS,2.25,0.4444444444444444,-0.055341158513426914,-0.12451760665521061,BetUS,2.25,0.4444444444444444,-0.12451760665521061,True,MyBookie.ag,2.13,0.4694835680751174,-0.08038028214409987,-0.17121000096693273,-0.1200000000000001,1.711528284910965,1.5953221354706535,3.3068504203816182,1-1
2026-10-11,2026-10-11T13:00:00+00:00,Crystal Palace,Nott'm Forest,Total Goals 2.5,Under,V1.2,0.43001284231872905,2.3255119419405426,Bovada,1.85,0.5405405405405405,-0.11052769822181141,-0.20447624171035117,Bovada,1.85,0.5405405405405405,-0.20447624171035117,True,MyBookie.ag,1.8,0.5555555555555556,-0.12554271323682653,-0.22597688382628767,-0.050000000000000044,1.7601093221541944,1.2868222009334622,3.0469315230876566,1-1
2026-10-11,2026-10-11T15:30:00+00:00,Liverpool,Man City,Total Goals 2.5,Over,V1.2,0.6236549399445808,1.6034507801523419,BetRivers,1.61,0.6211180124223602,0.0025369275222205667,0.004084453310775116,BetRivers,1.61,0.6211180124223602,0.004084453310775116,False,,,,,,,1.784191412051835,1.6078494387904512,3.392040850842286,1-1
2026-10-11,2026-10-11T15:30:00+00:00,Liverpool,Man City,Total Goals 2.5,Under,V1.2,0.37634506005541923,2.6571359800836594,Bovada,2.4,0.4166666666666667,-0.04032160661124745,-0.09677185586699388,Bovada,2.4,0.4166666666666667,-0.09677185586699388,False,,,,,,,1.784191412051835,1.6078494387904512,3.392040850842286,1-1
