Date,KickoffUTC,HomeTeam,AwayTeam,V1_P_Home,V1_P_Draw,V1_P_Away,V2_P_Home,V2_P_Draw,V2_P_Away,Market_P_Home,Market_P_Draw,Market_P_Away,HomeAvailabilityShift,DrawAvailabilityShift,AwayAvailabilityShift,AvailabilityNote,Adjusted_P_Home,Adjusted_P_Draw,Adjusted_P_Away,AdjustedPick,AdjustedPickProbability,Agreement,MarketStatus,Method,ProductionEligible
2026-10-10,2026-10-10T11:30:00+00:00,Arsenal,Leeds,0.6259078840525665,0.2236192626531917,0.1504728532942416,0.6259078840525665,0.2236192626531917,0.1504728532942416,0.6861823885152321,0.1893898717006726,0.12442773978409542,0.0,0.0,0.0,,0.6349490597219665,0.2184848540103139,0.1465660862677197,Arsenal,0.6349490597219665,STRONG_AGREEMENT,MARKET_INCLUDED,Shadow ensemble: 65% V1.2 + 20% V2 context + 15% no-vig market when available; optional capped manual availability shifts,False
2026-10-10,2026-10-10T14:00:00+00:00,Aston Villa,Brentford,0.4021484375863907,0.2445942227416185,0.3532573396719906,0.4021484375863907,0.2445942227416185,0.3532573396719906,0.3652982975047826,0.26488538683125035,0.36981631566396694,0.0,0.0,0.0,,0.39662091657414955,0.24763789735506336,0.35574118607078714,Aston Villa,0.39662091657414955,STRONG_AGREEMENT,MARKET_INCLUDED,Shadow ensemble: 65% V1.2 + 20% V2 context + 15% no-vig market when available; optional capped manual availability shifts,False
2026-10-10,2026-10-10T14:00:00+00:00,Chelsea,Bournemouth,0.453968837795158,0.2297728371320817,0.3162583250727602,0.453968837795158,0.2297728371320817,0.3162583250727602,0.5499985685845313,0.23193108779064506,0.21807034362482364,0.0,0.0,0.0,,0.46837329741356404,0.2300965747308662,0.3015301278555697,Chelsea,0.46837329741356404,STRONG_AGREEMENT,MARKET_INCLUDED,Shadow ensemble: 65% V1.2 + 20% V2 context + 15% no-vig market when available; optional capped manual availability shifts,False
2026-10-10,2026-10-10T14:00:00+00:00,Ipswich Town,Fulham,0.2793160520569383,0.2546797062783507,0.4660042416647111,0.2793160520569383,0.2546797062783507,0.4660042416647111,0.3555004791902148,0.268600362054829,0.3758991587549563,0.0,0.0,0.0,,0.29074371612692984,0.2567678046448224,0.45248847922824786,Fulham,0.45248847922824786,STRONG_AGREEMENT,MARKET_INCLUDED,Shadow ensemble: 65% V1.2 + 20% V2 context + 15% no-vig market when available; optional capped manual availability shifts,False
2026-10-10,2026-10-10T14:00:00+00:00,Sunderland,Brighton,0.3382933220300731,0.2618876258387776,0.3998190521311492,0.3382933220300731,0.2618876258387776,0.3998190521311492,0.32840582647934874,0.2733147669393133,0.39827940658133787,0.0,0.0,0.0,,0.3368101976974645,0.263601697003858,0.3995881052986775,Brighton,0.3995881052986775,STRONG_AGREEMENT,MARKET_INCLUDED,Shadow ensemble: 65% V1.2 + 20% V2 context + 15% no-vig market when available; optional capped manual availability shifts,False
2026-10-10,2026-10-10T16:30:00+00:00,Man United,Spurs,0.5466611881404484,0.2291404721903111,0.2241983396692405,0.5466611881404484,0.2291404721903111,0.2241983396692405,,,,0.0,0.0,0.0,,0.5466611881404484,0.22914047219031114,0.22419833966924052,Man United,0.5466611881404484,STRONG_AGREEMENT,NO_MARKET_H2H,Shadow ensemble: 65% V1.2 + 20% V2 context + 15% no-vig market when available; optional capped manual availability shifts,False
2026-10-11,2026-10-11T13:00:00+00:00,Crystal Palace,Nott'm Forest,0.4775334204289401,0.2498761751539447,0.2725904044171151,0.4775334204289401,0.2498761751539447,0.2725904044171151,0.35956130593446917,0.2887223620787229,0.35171633198680796,0.0,0.0,0.0,,0.45983760325476947,0.2557031031926615,0.2844592935525691,Crystal Palace,0.45983760325476947,STRONG_AGREEMENT,MARKET_INCLUDED,Shadow ensemble: 65% V1.2 + 20% V2 context + 15% no-vig market when available; optional capped manual availability shifts,False
2026-10-11,2026-10-11T13:00:00+00:00,Hull City,Everton,0.3971348094133268,0.3012546542524719,0.301610536334201,0.3971348094133268,0.3012546542524719,0.301610536334201,0.26065045901300526,0.283142478062078,0.45620706292491675,0.0,0.0,0.0,,0.37666215685327864,0.2985378278239129,0.32480001532280844,Hull City,0.37666215685327864,STRONG_AGREEMENT,MARKET_INCLUDED,Shadow ensemble: 65% V1.2 + 20% V2 context + 15% no-vig market when available; optional capped manual availability shifts,False
2026-10-11,2026-10-11T15:30:00+00:00,Liverpool,Man City,0.4164777980742729,0.2403376876254911,0.3431845143002358,0.4164777980742729,0.2403376876254911,0.3431845143002358,0.37113402061855666,0.25773195876288657,0.37113402061855666,0.0,0.0,0.0,,0.40967623145591553,0.2429468282961005,0.34737694024798393,Liverpool,0.40967623145591553,STRONG_AGREEMENT,MARKET_INCLUDED,Shadow ensemble: 65% V1.2 + 20% V2 context + 15% no-vig market when available; optional capped manual availability shifts,False
2026-10-12,2026-10-12T19:00:00+00:00,Coventry City,Newcastle,0.3152408474661486,0.2638649960943668,0.4208941564394844,0.3152408474661486,0.2638649960943668,0.4208941564394844,0.29107633814993367,0.2653787656215962,0.4435448962284703,0.0,0.0,0.0,,0.3116161710687165,0.2640920615234513,0.4242917674078323,Newcastle,0.4242917674078323,STRONG_AGREEMENT,MARKET_INCLUDED,Shadow ensemble: 65% V1.2 + 20% V2 context + 15% no-vig market when available; optional capped manual availability shifts,False
