GameweekRank,Date,KickoffUTC,FPLGameweek,HomeTeam,AwayTeam,MarketType,Selection,Line,Bookmaker,BookmakerKey,BookLastUpdate,QuoteCapturedAt,PriceSource,PriceTimestampUTC,PriceAgeMinutes,PriceFreshnessStatus,MyBookieOdds,RawModelWinProbability,RawModelEffectiveProbability,RawModelFairOdds,RawExpectedReturnPerUnit,ModelWinProbability,DecisionEffectiveProbability,PushProbability,ModelFairOdds,MyBookieImpliedProbability,ConsensusFairProbability,ConsensusBookCount,MarketPriorSource,RawModelMarketGap,ProbabilityEdge,DecisionStatus,ExpectedReturnPerUnit,ExpectedProfitPer100,ValidationFactor,ValidationStatus,BetQualityScore,ProfitabilityScore,OverallRankScore,Grade,Lambda_Home_xG,Lambda_Away_xG,MostLikelyScore,ModelVersion,V2ModelVersion,V2WinProbability,V2PushProbability,V2ExpectedReturnPerUnit,V1V2ProbabilityGap,V2Agreement,V2AdmissionStatus
1,2026-10-11,2026-10-11T13:00:00+00:00,6,Hull City,Everton,Moneyline,Hull City,,MyBookie.ag,mybookieag,2026-10-07T01:23:21Z,2026-10-07T01:24:19.040303+00:00,odds_api_mybookie_direct,2026-10-07 01:23:21+00:00,0.9875025833333332,FRESH,3.48,0.3971348094133268,0.3971348094133268,2.518036637174325,0.3820291367583772,0.3336963448500177,0.3336963448500177,0.0,2.996736450468037,0.2873563218390804,0.2561604437170843,8,consensus_non_mybookie,0.1409743656962425,0.0775359011329334,BET_ELIGIBLE,0.1612632800780615,16.12632800780616,0.88,"Derived, live validation building",64.88481724250089,100.0,79.93418128142908,B,1.2501010184685135,1.0561814651850812,1-1,V1.2,V2-shadow.4,0.3971348094133268,0.0,0.38202913675837724,0.0,True,ADMITTED: V1.2 and V2.3 agree
2,2026-10-10,2026-10-10T14:00:00+00:00,6,Chelsea,Bournemouth,Moneyline,Bournemouth,,MyBookie.ag,mybookieag,2026-10-07T01:23:21Z,2026-10-07T01:24:19.040303+00:00,odds_api_mybookie_direct,2026-10-07 01:23:21+00:00,0.9875025833333332,FRESH,4.3,0.3162583250727602,0.3162583250727602,3.16197209913742,0.3599107978128688,0.2700016334476667,0.2700016334476667,0.0,3.7036812971497297,0.2325581395348837,0.2134656770169968,8,consensus_non_mybookie,0.1027926480557633,0.0565359564306698,BET_ELIGIBLE,0.1610070238249668,16.100702382496678,0.88,"Derived, live validation building",61.70008167238333,100.0,78.11433238421904,B,1.9673349671036573,1.6261671135470963,1-1,V1.2,V2-shadow.4,0.3162583250727602,0.0,0.35991079781286883,0.0,True,ADMITTED: V1.2 and V2.3 agree
3,2026-10-11,2026-10-11T13:00:00+00:00,6,Hull City,Everton,Spread,Hull City +0.5,0.5,MyBookie.ag,mybookieag,2026-10-07T01:23:21Z,2026-10-07T01:24:19.040303+00:00,odds_api_mybookie_direct,2026-10-07 01:23:21+00:00,0.9875025833333332,FRESH,1.71,0.6983894636657989,0.6983894636657989,1.4318658170343348,0.194245982868516,0.6336170115328127,0.6336170115328127,0.0,1.578240454088903,0.5847953216374269,0.5364583333333334,3,consensus_non_mybookie,0.1619311303324655,0.0971586781994793,BET_ELIGIBLE,0.0834850897211096,8.348508972110968,0.84,"Derived, live validation building",67.64074127783482,55.65672648073979,62.50473493622267,C,1.2501010184685135,1.0561814651850812,1-1,V1.2,V2-shadow.4,0.6983894636657989,0.0,0.19424598286851608,0.0,True,ADMITTED: V1.2 and V2.3 agree
4,2026-10-11,2026-10-11T13:00:00+00:00,6,Crystal Palace,Nott'm Forest,Moneyline,Crystal Palace,,MyBookie.ag,mybookieag,2026-10-07T01:23:21Z,2026-10-07T01:24:19.040303+00:00,odds_api_mybookie_direct,2026-10-07 01:23:21+00:00,0.9875025833333332,FRESH,2.56,0.4775334204289401,0.4775334204289401,2.0940942711439106,0.2224855562980866,0.424665471056138,0.424665471056138,0.0,2.354794698784932,0.390625,0.36004908848938,8,consensus_non_mybookie,0.1174843319395601,0.064616382566758,BET_ELIGIBLE,0.0871436059037134,8.714360590371339,0.88,"Derived, live validation building",58.43340458595674,58.09573726914227,58.28869002160767,D,1.7601093221541944,1.2868222009334622,1-1,V1.2,V2-shadow.4,0.4775334204289401,0.0,0.22248555629808664,0.0,True,ADMITTED: V1.2 and V2.3 agree
5,2026-10-10,2026-10-10T14:00:00+00:00,6,Chelsea,Bournemouth,Spread,Bournemouth +0.5,0.5,MyBookie.ag,mybookieag,2026-10-07T01:23:21Z,2026-10-07T01:24:19.040303+00:00,odds_api_mybookie_direct,2026-10-07 01:23:21+00:00,0.9875025833333332,FRESH,2.12,0.5460311622048422,0.5460311622048422,1.8313973069999483,0.1575860638742654,0.5079295781519209,0.5079295781519209,0.0,1.9687768600490947,0.4716981132075471,0.4507772020725388,2,consensus_non_mybookie,0.0952539601323033,0.057152376079382,BET_ELIGIBLE,0.0768107056820722,7.681070568207227,0.84,"Derived, live validation building",60.18835240195868,51.20713712138152,56.339260138854186,D,1.9673349671036573,1.6261671135470963,1-1,V1.2,V2-shadow.4,0.5460311622048422,0.0,0.15758606387426544,0.0,True,ADMITTED: V1.2 and V2.3 agree
6,2026-10-11,2026-10-11T13:00:00+00:00,6,Crystal Palace,Nott'm Forest,Spread,Crystal Palace -0.5,-0.5,MyBookie.ag,mybookieag,2026-10-07T01:23:21Z,2026-10-07T01:24:19.040303+00:00,odds_api_mybookie_direct,2026-10-07 01:23:21+00:00,0.9875025833333332,FRESH,2.48,0.4775334204289401,0.4775334204289401,2.0940942711439106,0.1842828826637714,0.4360150017523135,0.4360150017523135,0.0,2.2934990676492104,0.4032258064516129,0.3737373737373737,1,mybookie_devig_fallback,0.1037960466915663,0.0622776280149398,REVIEW_LOW_MARKET_SUPPORT,0.0813172043457376,8.131720434573763,0.84,"Derived, live validation building",57.381260848119766,54.2114695638251,56.02277886913633,D,1.7601093221541944,1.2868222009334622,1-1,V1.2,V2-shadow.4,0.4775334204289401,0.0,0.18428288266377146,0.0,True,ADMITTED: V1.2 and V2.3 agree
7,2026-10-11,2026-10-11T13:00:00+00:00,6,Crystal Palace,Nott'm Forest,Total,Over 2.5,2.5,MyBookie.ag,mybookieag,2026-10-07T01:23:21Z,2026-10-07T01:24:19.040303+00:00,odds_api_mybookie_direct,2026-10-07 01:23:21+00:00,0.9875025833333332,FRESH,1.91,0.569987157681271,0.569987157681271,1.754425492791868,0.0886754711712274,0.5386018887132986,0.5386018887132986,0.0,1.8566589181277575,0.5235602094240838,0.4803149606299213,6,consensus_non_mybookie,0.0896721970513496,0.0582869280833772,BET_ELIGIBLE,0.0287296074424003,2.872960744240033,1.0,Calibrated O/U 2.5,55.70777573808498,19.153071628266886,40.041473976734366,D,1.7601093221541944,1.2868222009334622,1-1,V1.2,V2-shadow.4,0.5872407877179919,0.0,0.12162990454136458,0.01725363003672098,True,ADMITTED: V1.2 and V2.3 agree
8,2026-10-10,2026-10-10T14:00:00+00:00,6,Ipswich Town,Fulham,Moneyline,Fulham,,MyBookie.ag,mybookieag,2026-10-07T01:23:21Z,2026-10-07T01:24:19.040303+00:00,odds_api_mybookie_direct,2026-10-07 01:23:21+00:00,0.9875025833333332,FRESH,2.36,0.4660042416647111,0.4660042416647111,2.145903214158934,0.0997700103287181,0.4312449743691677,0.4312449743691677,0.0,2.318867602950774,0.423728813559322,0.3887614254523924,8,consensus_non_mybookie,0.0772428162123186,0.0424835489167753,REVIEW,0.0177381395112358,1.7738139511235818,0.88,"Derived, live validation building",46.61642313292466,11.82542634082388,31.705995936310035,D,1.2756121150578648,1.7016459899608325,1-1,V1.2,V2-shadow.4,0.4660042416647111,0.0,0.09977001032871813,0.0,True,ADMITTED: V1.2 and V2.3 agree
9,2026-10-10,2026-10-10T14:00:00+00:00,6,Ipswich Town,Fulham,Spread,Fulham -0.5,-0.5,MyBookie.ag,mybookieag,2026-10-07T01:23:21Z,2026-10-07T01:24:19.040303+00:00,odds_api_mybookie_direct,2026-10-07 01:23:21+00:00,0.9875025833333332,FRESH,2.3,0.4660042416647111,0.4660042416647111,2.145903214158934,0.0718097558288354,0.4406415060377877,0.4406415060377877,0.0,2.269418532520729,0.4347826086956522,0.4025974025974026,1,mybookie_devig_fallback,0.0634068390673084,0.0380441034403851,REVIEW,0.0134754638869116,1.3475463886911676,0.84,"Derived, live validation building",45.74028148209893,8.983642591274451,29.987436243174148,D,1.2756121150578648,1.7016459899608325,1-1,V1.2,V2-shadow.4,0.4660042416647111,0.0,0.07180975582883542,0.0,True,ADMITTED: V1.2 and V2.3 agree
10,2026-10-10,2026-10-10T14:00:00+00:00,6,Aston Villa,Brentford,Total,Over 2.5,2.5,MyBookie.ag,mybookieag,2026-10-07T01:23:21Z,2026-10-07T01:24:19.040303+00:00,odds_api_mybookie_direct,2026-10-07 01:23:21+00:00,0.9875025833333332,FRESH,1.64,0.6108967140689825,0.6108967140689825,1.6369379257899888,0.0018706110731312,0.5951454956007863,0.5951454956007863,0.0,1.6802613938807045,0.6097560975609756,0.5658932327312791,4,consensus_non_mybookie,0.0450034813377033,0.0292522628695072,NO_BET,-0.0239613872147104,-2.396138721471047,1.0,Calibrated O/U 2.5,49.31403201746498,0.0,28.179446867122845,PASS,1.711528284910965,1.5953221354706535,1-1,V1.2,V2-shadow.4,0.6419463861134452,0.0,0.05279207322605012,0.03104967204446274,True,ADMITTED: V1.2 and V2.3 agree
11,2026-10-10,2026-10-10T11:30:00+00:00,6,Arsenal,Leeds,Spread,Leeds +1.5,1.5,MyBookie.ag,mybookieag,2026-10-07T01:23:21Z,2026-10-07T01:24:19.040303+00:00,odds_api_mybookie_direct,2026-10-07 01:23:21+00:00,0.9875025833333332,FRESH,1.66,0.6117896032207931,0.6117896032207931,1.6345488624446318,0.0155707413465165,0.5943908739868391,0.5943908739868391,0.0,1.682394605577578,0.6024096385542169,0.568292780135908,2,consensus_non_mybookie,0.0434968230848851,0.026098093850931,NO_BET,-0.0133111491818471,-1.331114918184717,0.84,"Derived, live validation building",48.7400925925187,0.0,27.85148148143925,PASS,1.9909611581945903,0.8778019841215658,2-0,V1.2,V2-shadow.4,0.6117896032207931,0.0,0.015570741346516537,0.0,True,ADMITTED: V1.2 and V2.3 agree
12,2026-10-10,2026-10-10T11:30:00+00:00,6,Arsenal,Leeds,Moneyline,Arsenal,,MyBookie.ag,mybookieag,2026-10-07T01:23:21Z,2026-10-07T01:24:19.040303+00:00,odds_api_mybookie_direct,2026-10-07 01:23:21+00:00,0.9875025833333332,FRESH,1.38,0.6259078840525665,0.6259078840525665,1.5976791880704535,-0.1362471200074583,0.6551185517481743,0.6551185517481743,0.0,1.5264412789586168,0.7246376811594204,0.690820478931695,8,consensus_non_mybookie,0.0649125948791284,-0.0357019271835206,NO_BET,-0.0959363985875194,-9.593639858751946,0.88,"Derived, live validation building",45.95592758740872,0.0,26.260530049947835,PASS,1.9909611581945903,0.8778019841215658,2-0,V1.2,V2-shadow.4,0.6259078840525665,0.0,-0.13624712000745834,0.0,False,RESEARCH_ONLY: V2 EV -13.6% below +0.0%
13,2026-10-10,2026-10-10T14:00:00+00:00,6,Aston Villa,Brentford,Spread,Aston Villa +0.5,0.5,MyBookie.ag,mybookieag,2026-10-07T01:23:21Z,2026-10-07T01:24:19.040303+00:00,odds_api_mybookie_direct,2026-10-07 01:23:21+00:00,0.9875025833333332,FRESH,1.51,0.6467426603280093,0.6467426603280093,1.5462100482019057,-0.0234185829047059,0.6339639635437444,0.6339639635437444,0.0,1.57737672408094,0.6622516556291391,0.6147959183673469,1,mybookie_devig_fallback,0.0319467419606623,0.0191680451763974,NO_BET,-0.0427144150489459,-4.271441504894597,0.84,"Derived, live validation building",45.57317554362167,0.0,26.04181459635524,PASS,1.711528284910965,1.5953221354706535,1-1,V1.2,V2-shadow.4,0.6467426603280093,0.0,-0.023418582904705942,0.0,False,RESEARCH_ONLY: V2 EV -2.3% below +0.0%
14,2026-10-11,2026-10-11T13:00:00+00:00,6,Hull City,Everton,Total,Under 2.5,2.5,MyBookie.ag,mybookieag,2026-10-07T01:23:21Z,2026-10-07T01:24:19.040303+00:00,odds_api_mybookie_direct,2026-10-07 01:23:21+00:00,0.9875025833333332,FRESH,1.72,0.5636498284312519,0.5636498284312519,1.7741511654198427,-0.0305222950982467,0.5563727932812529,0.5563727932812529,0.0,1.7973560391089944,0.5813953488372093,0.5428582994312547,6,consensus_non_mybookie,0.0207915289999971,0.0135144938499981,NO_BET,-0.043038795556245,-4.303879555624507,1.0,Calibrated O/U 2.5,44.03685044171976,0.0,25.16391453812557,PASS,1.2501010184685135,1.0561814651850812,1-1,V1.2,V2-shadow.4,0.5943735600979064,0.0,0.022322523368399017,0.03072373166665454,True,ADMITTED: V1.2 and V2.3 agree
15,2026-10-12,2026-10-12T19:00:00+00:00,6,Coventry City,Newcastle,Spread,Coventry City +0.5,0.5,MyBookie.ag,mybookieag,2026-10-07T01:23:21Z,2026-10-07T01:24:19.040303+00:00,odds_api_mybookie_direct,2026-10-07 01:23:21+00:00,0.9875025833333332,FRESH,1.7,0.5791058435605153,0.5791058435605153,1.7268000506637993,-0.015520065947124,0.5656453243181274,0.5656453243181274,0.0,1.767892276322583,0.5882352941176471,0.5454545454545455,3,consensus_non_mybookie,0.0336512981059697,0.0201907788635818,NO_BET,-0.0384029486591834,-3.8402948659183433,0.84,"Derived, live validation building",42.91175020054927,0.0,24.52100011459958,PASS,1.3243734853700726,1.5609786516883826,1-1,V1.2,V2-shadow.4,0.5791058435605153,0.0,-0.015520065947124018,0.0,False,RESEARCH_ONLY: V2 EV -1.6% below +0.0%
16,2026-10-10,2026-10-10T14:00:00+00:00,6,Ipswich Town,Fulham,Total,Over 2.5,2.5,MyBookie.ag,mybookieag,2026-10-07T01:23:21Z,2026-10-07T01:24:19.040303+00:00,odds_api_mybookie_direct,2026-10-07 01:23:21+00:00,0.9875025833333332,FRESH,1.7,0.5585041946840277,0.5585041946840277,1.7904968476839238,-0.0505428690371529,0.5548416395528961,0.5548416395528961,0.0,1.8023160641040248,0.5882352941176471,0.5480397514522233,6,consensus_non_mybookie,0.0104644432318043,0.0068018881006728,NO_BET,-0.0567692127600766,-5.676921276007663,1.0,Calibrated O/U 2.5,42.74208197764481,0.0,24.424046844368466,PASS,1.2756121150578648,1.7016459899608325,1-1,V1.2,V2-shadow.4,0.5716946840431912,0.0,-0.02811903712657493,0.01319048935916356,False,RESEARCH_ONLY: V2 EV -2.8% below +0.0%
17,2026-10-12,2026-10-12T19:00:00+00:00,6,Coventry City,Newcastle,Total,Over 2.5,2.5,MyBookie.ag,mybookieag,2026-10-07T01:23:21Z,2026-10-07T01:24:19.040303+00:00,odds_api_mybookie_direct,2026-10-07 01:23:21+00:00,0.9875025833333332,FRESH,1.62,0.543017035011861,0.543017035011861,1.8415628525874093,-0.120312403280785,0.5505764573730944,0.5505764573730944,0.0,1.8162781691959573,0.6172839506172839,0.5646153846153846,4,consensus_non_mybookie,0.0215983496035235,-0.0140389272422902,NO_BET,-0.1080661390555871,-10.80661390555871,1.0,Calibrated O/U 2.5,42.52882286865472,0.0,24.30218449637412,PASS,1.3243734853700726,1.5609786516883826,1-1,V1.2,V2-shadow.4,0.5506395631973159,0.0,-0.10796390762034819,0.0076225281854548355,False,RESEARCH_ONLY: V2 EV -10.8% below +0.0%
18,2026-10-11,2026-10-11T15:30:00+00:00,6,Liverpool,Man City,Spread,Man City +0.5,0.5,MyBookie.ag,mybookieag,2026-10-07T01:23:21Z,2026-10-07T01:24:19.040303+00:00,odds_api_mybookie_direct,2026-10-07 01:23:21+00:00,0.9875025833333332,FRESH,1.5,0.5835222019257266,0.5835222019257266,1.7137308515422771,-0.1247166971114101,0.5974415654302451,0.5974415654302451,0.0,1.6738038627758585,0.6666666666666666,0.6183206106870229,1,mybookie_devig_fallback,0.0347984087612963,-0.0208790452567778,NO_BET,-0.1038376518546324,-10.38376518546324,0.84,"Derived, live validation building",42.47207827151225,0.0,24.269759012292717,PASS,1.784191412051835,1.6078494387904512,1-1,V1.2,V2-shadow.4,0.5835222019257266,0.0,-0.12471669711141015,0.0,False,RESEARCH_ONLY: V2 EV -12.5% below +0.0%
19,2026-10-10,2026-10-10T14:00:00+00:00,6,Sunderland,Brighton,Spread,Sunderland +0.5,0.5,MyBookie.ag,mybookieag,2026-10-07T01:23:21Z,2026-10-07T01:24:19.040303+00:00,odds_api_mybookie_direct,2026-10-07 01:23:21+00:00,0.9875025833333332,FRESH,1.56,0.600180947868851,0.600180947868851,1.6661641852358762,-0.0637177213245924,0.5971842867369764,0.5971842867369764,0.0,1.6745249702801366,0.641025641025641,0.5926892950391646,1,mybookie_devig_fallback,0.0074916528296864,0.0044949916978118,NO_BET,-0.0683925126903167,-6.839251269031671,0.84,"Derived, live validation building",42.45921433684882,0.0,24.26240819248504,PASS,1.4041577697710648,1.5430447306007036,1-1,V1.2,V2-shadow.4,0.600180947868851,0.0,-0.06371772132459241,0.0,False,RESEARCH_ONLY: V2 EV -6.4% below +0.0%
20,2026-10-10,2026-10-10T14:00:00+00:00,6,Sunderland,Brighton,Total,Over 2.5,2.5,MyBookie.ag,mybookieag,2026-10-07T01:23:21Z,2026-10-07T01:24:19.040303+00:00,odds_api_mybookie_direct,2026-10-07 01:23:21+00:00,0.9875025833333332,FRESH,1.75,0.553482419473717,0.553482419473717,1.806742120103576,-0.0314057659209952,0.5432526478262547,0.5432526478262547,0.0,1.8407641527406309,0.5714285714285714,0.5242545004809673,6,consensus_non_mybookie,0.0292279189927496,0.0189981473452873,NO_BET,-0.0493078663040542,-4.930786630405426,1.0,Calibrated O/U 2.5,42.28375578810324,0.0,24.162146164630418,PASS,1.4041577697710648,1.5430447306007036,1-1,V1.2,V2-shadow.4,0.5648771758923664,0.0,-0.011464942188358807,0.011394756418649399,False,RESEARCH_ONLY: V2 EV -1.1% below +0.0%
21,2026-10-10,2026-10-10T14:00:00+00:00,6,Chelsea,Bournemouth,Total,Over 3.5,3.5,MyBookie.ag,mybookieag,2026-10-07T01:23:21Z,2026-10-07T01:24:19.040303+00:00,odds_api_mybookie_direct,2026-10-07 01:23:21+00:00,0.9875025833333332,FRESH,2.1,0.4833982295193215,0.4833982295193215,2.068687758733361,0.0151362819905752,0.4678841069195177,0.4678841069195177,0.0,2.1372814019776336,0.4761904761904761,0.4390721649484536,6,consensus_non_mybookie,0.0443260645708679,0.0288119419710641,NO_BET,-0.0174433754690126,-1.7443375469012643,0.86,Derived alternate total,41.99161463889868,0.0,23.995208365084952,PASS,1.9673349671036573,1.6261671135470963,1-1,V1.2,V2-shadow.4,0.4833982295193215,0.0,0.015136281990575262,0.0,True,ADMITTED: V1.2 and V2.3 agree
22,2026-10-10,2026-10-10T11:30:00+00:00,6,Arsenal,Leeds,Total,Over 2.5,2.5,MyBookie.ag,mybookieag,2026-10-07T01:23:21Z,2026-10-07T01:24:19.040303+00:00,odds_api_mybookie_direct,2026-10-07 01:23:21+00:00,0.9875025833333332,FRESH,1.74,0.5401777415079008,0.5401777415079008,1.851242513637289,-0.0600907297762526,0.5384226765327109,0.5384226765327109,0.0,1.8572769008165035,0.5747126436781609,0.5351632701502154,6,consensus_non_mybookie,0.0050144713576854,0.0032594063824955,NO_BET,-0.063144542833083,-6.314454283308302,1.0,Calibrated O/U 2.5,41.92113382663555,0.0,23.95493361522031,PASS,1.9909611581945903,0.8778019841215658,2-0,V1.2,V2-shadow.4,0.5467709720057785,0.0,-0.048618508709945385,0.0065932304978777445,False,RESEARCH_ONLY: V2 EV -4.9% below +0.0%
23,2026-10-12,2026-10-12T19:00:00+00:00,6,Coventry City,Newcastle,Total,Under 2.5,2.5,MyBookie.ag,mybookieag,2026-10-07T01:23:21Z,2026-10-07T01:24:19.040303+00:00,odds_api_mybookie_direct,2026-10-07 01:23:21+00:00,0.9875025833333332,FRESH,2.17,0.4569829649881389,0.4569829649881389,2.1882653766447406,-0.0083469659757385,0.4494235426269056,0.4494235426269056,0.0,2.2250725766499557,0.4608294930875576,0.4353846153846153,4,consensus_non_mybookie,0.0215983496035235,0.0140389272422902,NO_BET,-0.0247509124996148,-2.4750912499614808,1.0,Calibrated O/U 2.5,41.889767443912696,0.0,23.93700996795011,PASS,1.3243734853700726,1.5609786516883826,1-1,V1.2,V2-shadow.4,0.4493604368026837,0.0,-0.024887852138176236,0.0076225281854551685,False,RESEARCH_ONLY: V2 EV -2.5% below +0.0%
24,2026-10-11,2026-10-11T15:30:00+00:00,6,Liverpool,Man City,Total,Under 3.5,3.5,MyBookie.ag,mybookieag,2026-10-07T01:23:21Z,2026-10-07T01:24:19.040303+00:00,odds_api_mybookie_direct,2026-10-07 01:23:21+00:00,0.9875025833333332,FRESH,1.56,0.5601000843571534,0.5601000843571534,1.7853951961955783,-0.1262438684028406,0.5718775548321497,0.5718775548321497,0.0,1.7486260678538212,0.641025641025641,0.59375,1,mybookie_devig_fallback,0.0336499156428465,-0.0218724451678502,NO_BET,-0.1078710144618463,-10.787101446184638,0.86,Derived alternate total,41.49387774160749,0.0,23.710787280918563,PASS,1.784191412051835,1.6078494387904512,1-1,V1.2,V2-shadow.4,0.5601000843571534,0.0,-0.12624386840284063,0.0,False,RESEARCH_ONLY: V2 EV -12.6% below +0.0%
25,2026-10-11,2026-10-11T13:00:00+00:00,6,Crystal Palace,Nott'm Forest,Spread,Nott'm Forest +0.5,0.5,MyBookie.ag,mybookieag,2026-10-07T01:23:21Z,2026-10-07T01:24:19.040303+00:00,odds_api_mybookie_direct,2026-10-07 01:23:21+00:00,0.9875025833333332,FRESH,1.48,0.52246657957106,0.52246657957106,1.9139980222677409,-0.2267494622348311,0.5639849982476866,0.5639849982476866,0.0,1.7730968077289668,0.6756756756756757,0.6262626262626262,1,mybookie_devig_fallback,0.1037960466915661,-0.0622776280149396,NO_BET,-0.1653022025934239,-16.530220259342393,0.84,"Derived, live validation building",40.799249912384326,0.0,23.313857092791043,PASS,1.7601093221541944,1.2868222009334622,1-1,V1.2,V2-shadow.4,0.52246657957106,0.0,-0.22674946223483117,0.0,False,RESEARCH_ONLY: V2 EV -22.7% below +0.0%
26,2026-10-10,2026-10-10T14:00:00+00:00,6,Ipswich Town,Fulham,Spread,Ipswich Town +0.5,0.5,MyBookie.ag,mybookieag,2026-10-07T01:23:21Z,2026-10-07T01:24:19.040303+00:00,odds_api_mybookie_direct,2026-10-07 01:23:21+00:00,0.9875025833333332,FRESH,1.55,0.5339957583352888,0.5339957583352888,1.8726740510401456,-0.1723065745803023,0.5593584939622123,0.5593584939622123,0.0,1.787762250496111,0.6451612903225806,0.5974025974025974,1,mybookie_devig_fallback,0.0634068390673086,-0.0380441034403851,NO_BET,-0.1329943343585709,-13.299433435857097,0.84,"Derived, live validation building",40.567924698110616,0.0,23.181671256063208,PASS,1.2756121150578648,1.7016459899608325,1-1,V1.2,V2-shadow.4,0.5339957583352888,0.0,-0.17230657458030235,0.0,False,RESEARCH_ONLY: V2 EV -17.2% below +0.0%
27,2026-10-10,2026-10-10T14:00:00+00:00,6,Aston Villa,Brentford,Moneyline,Aston Villa,,MyBookie.ag,mybookieag,2026-10-07T01:23:21Z,2026-10-07T01:24:19.040303+00:00,odds_api_mybookie_direct,2026-10-07 01:23:21+00:00,0.9875025833333332,FRESH,2.6,0.4021484375863907,0.4021484375863907,2.4866440014085027,0.0455859377246157,0.382532068410138,0.382532068410138,0.0,2.614159916464399,0.3846153846153846,0.3585565060836068,8,consensus_non_mybookie,0.0435919315027839,0.0239755623265311,NO_BET,-0.0054166221336412,-0.5416622133641247,0.88,"Derived, live validation building",40.12869454711968,0.0,22.9306825983541,PASS,1.711528284910965,1.5953221354706535,1-1,V1.2,V2-shadow.4,0.4021484375863907,0.0,0.04558593772461572,0.0,True,ADMITTED: V1.2 and V2.3 agree
28,2026-10-10,2026-10-10T14:00:00+00:00,6,Chelsea,Bournemouth,Total,Under 3.5,3.5,MyBookie.ag,mybookieag,2026-10-07T01:23:21Z,2026-10-07T01:24:19.040303+00:00,odds_api_mybookie_direct,2026-10-07 01:23:21+00:00,0.9875025833333332,FRESH,1.65,0.5166017704806783,0.5166017704806783,1.9357270089677356,-0.1476070787068807,0.5321158930804821,0.5321158930804821,0.0,1.879289855844901,0.6060606060606061,0.5609278350515464,6,consensus_non_mybookie,0.044326064570868,-0.0288119419710642,NO_BET,-0.1220087764172045,-12.200877641720451,0.86,Derived alternate total,39.50579465402411,0.0,22.574739802299487,PASS,1.9673349671036573,1.6261671135470963,1-1,V1.2,V2-shadow.4,0.5166017704806783,0.0,-0.14760707870688078,0.0,False,RESEARCH_ONLY: V2 EV -14.8% below +0.0%
29,2026-10-11,2026-10-11T15:30:00+00:00,6,Liverpool,Man City,Moneyline,Liverpool,,MyBookie.ag,mybookieag,2026-10-07T01:23:21Z,2026-10-07T01:24:19.040303+00:00,odds_api_mybookie_direct,2026-10-07 01:23:21+00:00,0.9875025833333332,FRESH,2.5,0.4164777980742729,0.4164777980742729,2.4010883764364896,0.0411944951856821,0.394969140281734,0.394969140281734,0.0,2.5318433720839395,0.4,0.3686807807575197,8,consensus_non_mybookie,0.0477970173167531,0.0262883595242142,NO_BET,-0.0125771492956648,-1.2577149295664891,0.88,"Derived, live validation building",39.49745588734535,0.0,22.569974792768768,PASS,1.784191412051835,1.6078494387904512,1-1,V1.2,V2-shadow.4,0.4164777980742729,0.0,0.04119449518568219,0.0,True,ADMITTED: V1.2 and V2.3 agree
30,2026-10-11,2026-10-11T15:30:00+00:00,6,Liverpool,Man City,Total,Over 3.5,3.5,MyBookie.ag,mybookieag,2026-10-07T01:23:21Z,2026-10-07T01:24:19.040303+00:00,odds_api_mybookie_direct,2026-10-07 01:23:21+00:00,0.9875025833333332,FRESH,2.28,0.4398999156428464,0.4398999156428464,2.2732443549998256,0.0029718076656898,0.4281224451678502,0.4281224451678502,0.0,2.33578036210631,0.4385964912280702,0.40625,1,mybookie_devig_fallback,0.0336499156428463,0.0218724451678501,NO_BET,-0.0238808250173016,-2.38808250173016,0.86,Derived alternate total,38.87697788036473,0.0,22.215415931636983,PASS,1.784191412051835,1.6078494387904512,1-1,V1.2,V2-shadow.4,0.4398999156428464,0.0,0.0029718076656898296,0.0,True,ADMITTED: V1.2 and V2.3 agree
31,2026-10-10,2026-10-10T14:00:00+00:00,6,Chelsea,Bournemouth,Moneyline,Chelsea,,MyBookie.ag,mybookieag,2026-10-07T01:23:21Z,2026-10-07T01:24:19.040303+00:00,odds_api_mybookie_direct,2026-10-07 01:23:21+00:00,0.9875025833333332,FRESH,1.66,0.453968837795158,0.453968837795158,2.2027943698885006,-0.2464117292600376,0.4999843495345094,0.4999843495345094,0.0,2.00006260382152,0.6024096385542169,0.5562255305492723,8,consensus_non_mybookie,0.1022566927541142,-0.0562411810147628,NO_BET,-0.1700259797727144,-17.00259797727144,0.88,"Derived, live validation building",38.19921747672547,0.0,21.828124272414552,PASS,1.9673349671036573,1.6261671135470963,1-1,V1.2,V2-shadow.4,0.453968837795158,0.0,-0.24641172926003768,0.0,False,RESEARCH_ONLY: V2 EV -24.6% below +0.0%
32,2026-10-10,2026-10-10T11:30:00+00:00,6,Arsenal,Leeds,Total,Under 2.5,2.5,MyBookie.ag,mybookieag,2026-10-07T01:23:21Z,2026-10-07T01:24:19.040303+00:00,odds_api_mybookie_direct,2026-10-07 01:23:21+00:00,0.9875025833333332,FRESH,1.98,0.4598222584920992,0.4598222584920992,2.174753356393212,-0.0895519281856435,0.4615773234672891,0.4615773234672891,0.0,2.166484246860684,0.5050505050505051,0.4648367298497847,6,consensus_non_mybookie,0.0050144713576855,-0.0032594063824956,NO_BET,-0.0860768995347676,-8.607689953476761,1.0,Calibrated O/U 2.5,38.07886617336445,0.0,21.7593520990654,PASS,1.9909611581945903,0.8778019841215658,2-0,V1.2,V2-shadow.4,0.45322902799422093,0.0,-0.10260652457144254,0.006593230497878244,False,RESEARCH_ONLY: V2 EV -10.3% below +0.0%
33,2026-10-11,2026-10-11T13:00:00+00:00,6,Crystal Palace,Nott'm Forest,Total,Under 2.5,2.5,MyBookie.ag,mybookieag,2026-10-07T01:23:21Z,2026-10-07T01:24:19.040303+00:00,odds_api_mybookie_direct,2026-10-07 01:23:21+00:00,0.9875025833333332,FRESH,1.8,0.430012842318729,0.430012842318729,2.325511941940543,-0.2259768838262877,0.4613981112867014,0.4613981112867014,0.0,2.167325733543423,0.5555555555555556,0.5196850393700787,6,consensus_non_mybookie,0.0896721970513497,-0.0582869280833773,NO_BET,-0.1694833996839375,-16.94833996839375,1.0,Calibrated O/U 2.5,38.06990556433507,0.0,21.75423175104861,PASS,1.7601093221541944,1.2868222009334622,1-1,V1.2,V2-shadow.4,0.4127592122820079,0.0,-0.2570334178923858,0.01725363003672109,False,RESEARCH_ONLY: V2 EV -25.7% below +0.0%
34,2026-10-10,2026-10-10T14:00:00+00:00,6,Sunderland,Brighton,Total,Under 2.5,2.5,MyBookie.ag,mybookieag,2026-10-07T01:23:21Z,2026-10-07T01:24:19.040303+00:00,odds_api_mybookie_direct,2026-10-07 01:23:21+00:00,0.9875025833333332,FRESH,1.97,0.446517580526283,0.446517580526283,2.239553476979252,-0.1203603663632225,0.4567473521737453,0.4567473521737453,0.0,2.189394191867374,0.5076142131979695,0.4757454995190325,6,consensus_non_mybookie,0.0292279189927495,-0.0189981473452872,NO_BET,-0.1002077162177217,-10.02077162177218,1.0,Calibrated O/U 2.5,37.83736760868727,0.0,21.621352919249865,PASS,1.4041577697710648,1.5430447306007036,1-1,V1.2,V2-shadow.4,0.43512282410763364,0.0,-0.1428080365079617,0.011394756418649343,False,RESEARCH_ONLY: V2 EV -14.3% below +0.0%
35,2026-10-11,2026-10-11T15:30:00+00:00,6,Liverpool,Man City,Spread,Liverpool -0.5,-0.5,MyBookie.ag,mybookieag,2026-10-07T01:23:21Z,2026-10-07T01:24:19.040303+00:00,odds_api_mybookie_direct,2026-10-07 01:23:21+00:00,0.9875025833333332,FRESH,2.43,0.4164777980742729,0.4164777980742729,2.4010883764364896,0.0120410493204831,0.4025584345697546,0.4025584345697546,0.0,2.4841114087418825,0.4115226337448559,0.381679389312977,1,mybookie_devig_fallback,0.0347984087612958,0.0208790452567775,NO_BET,-0.0217830039954962,-2.1783003995496264,0.84,"Derived, live validation building",37.66589602927588,0.0,21.523369159586217,PASS,1.784191412051835,1.6078494387904512,1-1,V1.2,V2-shadow.4,0.4164777980742729,0.0,0.01204104932048311,0.0,True,ADMITTED: V1.2 and V2.3 agree
36,2026-10-10,2026-10-10T14:00:00+00:00,6,Ipswich Town,Fulham,Total,Under 2.5,2.5,MyBookie.ag,mybookieag,2026-10-07T01:23:21Z,2026-10-07T01:24:19.040303+00:00,odds_api_mybookie_direct,2026-10-07 01:23:21+00:00,0.9875025833333332,FRESH,2.03,0.4414958053159723,0.4414958053159723,2.265027182499082,-0.1037635152085763,0.4451583604471038,0.4451583604471038,0.0,2.246391596454865,0.4926108374384237,0.4519602485477766,6,consensus_non_mybookie,0.0104644432318042,-0.0068018881006728,NO_BET,-0.0963285282923794,-9.632852829237942,1.0,Calibrated O/U 2.5,37.257918022355184,0.0,21.290238869917246,PASS,1.2756121150578648,1.7016459899608325,1-1,V1.2,V2-shadow.4,0.42830531595680893,0.0,-0.130540208607678,0.013190489359163393,False,RESEARCH_ONLY: V2 EV -13.1% below +0.0%
37,2026-10-10,2026-10-10T14:00:00+00:00,6,Chelsea,Bournemouth,Spread,Chelsea -0.5,-0.5,MyBookie.ag,mybookieag,2026-10-07T01:23:21Z,2026-10-07T01:24:19.040303+00:00,odds_api_mybookie_direct,2026-10-07 01:23:21+00:00,0.9875025833333332,FRESH,1.65,0.453968837795158,0.453968837795158,2.2027943698885006,-0.2509514176379893,0.4920704218480793,0.4920704218480793,0.0,2.0322294444040727,0.6060606060606061,0.5492227979274612,2,consensus_non_mybookie,0.0952539601323032,-0.0571523760793818,NO_BET,-0.1880838039506691,-18.80838039506692,0.84,"Derived, live validation building",37.20352109240397,0.0,21.25915490994512,PASS,1.9673349671036573,1.6261671135470963,1-1,V1.2,V2-shadow.4,0.453968837795158,0.0,-0.2509514176379893,0.0,False,RESEARCH_ONLY: V2 EV -25.1% below +0.0%
38,2026-10-11,2026-10-11T13:00:00+00:00,6,Hull City,Everton,Total,Over 2.5,2.5,MyBookie.ag,mybookieag,2026-10-07T01:23:21Z,2026-10-07T01:24:19.040303+00:00,odds_api_mybookie_direct,2026-10-07 01:23:21+00:00,0.9875025833333332,FRESH,2.0,0.436350171568748,0.436350171568748,2.2917373823982734,-0.127299656862504,0.443627206718747,0.443627206718747,0.0,2.254144887542898,0.5,0.4571417005687453,6,consensus_non_mybookie,0.0207915289999973,-0.0135144938499983,NO_BET,-0.1127455865625059,-11.274558656250594,1.0,Calibrated O/U 2.5,37.18136033593736,0.0,21.24649162053563,PASS,1.2501010184685135,1.0561814651850812,1-1,V1.2,V2-shadow.4,0.4056264399020934,0.0,-0.18874712019581313,0.030723731666654597,False,RESEARCH_ONLY: V2 EV -18.9% below +0.0%
39,2026-10-10,2026-10-10T14:00:00+00:00,6,Aston Villa,Brentford,Total,Under 2.5,2.5,MyBookie.ag,mybookieag,2026-10-07T01:23:21Z,2026-10-07T01:24:19.040303+00:00,odds_api_mybookie_direct,2026-10-07 01:23:21+00:00,0.9875025833333332,FRESH,2.13,0.3891032859310175,0.3891032859310175,2.570011706807549,-0.1712100009669327,0.4048545043992138,0.4048545043992138,0.0,2.4700231543278885,0.4694835680751174,0.434106767268721,4,consensus_non_mybookie,0.0450034813377034,-0.0292522628695072,NO_BET,-0.1376599056296746,-13.765990562967469,1.0,Calibrated O/U 2.5,35.24272521996069,0.0,20.13870012569182,PASS,1.711528284910965,1.5953221354706535,1-1,V1.2,V2-shadow.4,0.35805361388655477,0.0,-0.23734580242163839,0.03104967204446274,False,RESEARCH_ONLY: V2 EV -23.7% below +0.0%
40,2026-10-12,2026-10-12T19:00:00+00:00,6,Coventry City,Newcastle,Spread,Newcastle -0.5,-0.5,MyBookie.ag,mybookieag,2026-10-07T01:23:21Z,2026-10-07T01:24:19.040303+00:00,odds_api_mybookie_direct,2026-10-07 01:23:21+00:00,0.9875025833333332,FRESH,2.03,0.4208941564394844,0.4208941564394844,2.3758942354044743,-0.1455848624278468,0.4343546756818724,0.4343546756818724,0.0,2.30226599594018,0.4926108374384237,0.4545454545454546,3,consensus_non_mybookie,0.0336512981059701,-0.0201907788635821,NO_BET,-0.1182600083657989,-11.826000836579896,0.84,"Derived, live validation building",34.317733784093626,0.0,19.61013359091064,PASS,1.3243734853700726,1.5609786516883826,1-1,V1.2,V2-shadow.4,0.4208941564394844,0.0,-0.1455848624278468,0.0,False,RESEARCH_ONLY: V2 EV -14.6% below +0.0%
41,2026-10-10,2026-10-10T11:30:00+00:00,6,Arsenal,Leeds,Spread,Arsenal -1.5,-1.5,MyBookie.ag,mybookieag,2026-10-07T01:23:21Z,2026-10-07T01:24:19.040303+00:00,odds_api_mybookie_direct,2026-10-07 01:23:21+00:00,0.9875025833333332,FRESH,2.09,0.3882103967792068,0.3882103967792068,2.575922768417627,-0.1886402707314578,0.4056091260131609,0.4056091260131609,0.0,2.465427762509349,0.4784688995215311,0.4317072198640919,2,consensus_non_mybookie,0.0434968230848851,-0.026098093850931,NO_BET,-0.1522769266324937,-15.227692663249377,0.84,"Derived, live validation building",32.88045630065805,0.0,18.7888321718046,PASS,1.9909611581945903,0.8778019841215658,2-0,V1.2,V2-shadow.4,0.3882103967792068,0.0,-0.18864027073145784,0.0,False,RESEARCH_ONLY: V2 EV -18.9% below +0.0%
42,2026-10-10,2026-10-10T14:00:00+00:00,6,Sunderland,Brighton,Spread,Brighton -0.5,-0.5,MyBookie.ag,mybookieag,2026-10-07T01:23:21Z,2026-10-07T01:24:19.040303+00:00,odds_api_mybookie_direct,2026-10-07 01:23:21+00:00,0.9875025833333332,FRESH,2.27,0.3998190521311492,0.3998190521311492,2.501131436007653,-0.0924107516622912,0.4028157132630237,0.4028157132630237,0.0,2.482524804952276,0.4405286343612334,0.4073107049608355,1,mybookie_devig_fallback,0.0074916528296863,-0.0044949916978118,NO_BET,-0.0856083308929361,-8.560833089293618,0.84,"Derived, live validation building",32.740785663151186,0.0,18.70902037894353,PASS,1.4041577697710648,1.5430447306007036,1-1,V1.2,V2-shadow.4,0.3998190521311492,0.0,-0.09241075166229129,0.0,False,RESEARCH_ONLY: V2 EV -9.2% below +0.0%
43,2026-10-11,2026-10-11T13:00:00+00:00,6,Hull City,Everton,Moneyline,Everton,,MyBookie.ag,mybookieag,2026-10-07T01:23:21Z,2026-10-07T01:24:19.040303+00:00,odds_api_mybookie_direct,2026-10-07 01:23:21+00:00,0.9875025833333332,FRESH,2.05,0.301610536334201,0.301610536334201,3.315534039871688,-0.381698400514888,0.3728370741976464,0.3728370741976464,0.0,2.6821367004663417,0.4878048780487805,0.459891731586302,8,consensus_non_mybookie,0.158281195252101,-0.0870546573886555,NO_BET,-0.2356839978948248,-23.568399789482484,0.88,"Derived, live validation building",31.84185370988232,0.0,18.19534497707561,PASS,1.2501010184685135,1.0561814651850812,1-1,V1.2,V2-shadow.4,0.301610536334201,0.0,-0.381698400514888,0.0,False,RESEARCH_ONLY: V2 EV -38.2% below +0.0%
44,2026-10-10,2026-10-10T14:00:00+00:00,6,Aston Villa,Brentford,Moneyline,Brentford,,MyBookie.ag,mybookieag,2026-10-07T01:23:21Z,2026-10-07T01:24:19.040303+00:00,odds_api_mybookie_direct,2026-10-07 01:23:21+00:00,0.9875025833333332,FRESH,2.48,0.3532573396719906,0.3532573396719906,2.8307975169844406,-0.1239217976134633,0.3607222411606174,0.3607222411606174,0.0,2.772216087321141,0.4032258064516129,0.3698460096467169,8,consensus_non_mybookie,0.0165886699747263,-0.0091237684860994,NO_BET,-0.1054088419216686,-10.540884192166866,0.88,"Derived, live validation building",31.236112058030876,0.0,17.849206890303353,PASS,1.711528284910965,1.5953221354706535,1-1,V1.2,V2-shadow.4,0.3532573396719906,0.0,-0.12392179761346334,0.0,False,RESEARCH_ONLY: V2 EV -12.4% below +0.0%
45,2026-10-11,2026-10-11T13:00:00+00:00,6,Hull City,Everton,Spread,Everton -0.5,-0.5,MyBookie.ag,mybookieag,2026-10-07T01:23:21Z,2026-10-07T01:24:19.040303+00:00,odds_api_mybookie_direct,2026-10-07 01:23:21+00:00,0.9875025833333332,FRESH,2.01,0.301610536334201,0.301610536334201,3.315534039871688,-0.393762821968256,0.3663829884671872,0.3663829884671872,0.0,2.729384364114817,0.4975124378109453,0.4635416666666666,3,consensus_non_mybookie,0.1619311303324656,-0.0971586781994793,NO_BET,-0.2635701931809537,-26.35701931809537,0.84,"Derived, live validation building",30.91914942335936,0.0,17.668085384776777,PASS,1.2501010184685135,1.0561814651850812,1-1,V1.2,V2-shadow.4,0.301610536334201,0.0,-0.39376282196825607,0.0,False,RESEARCH_ONLY: V2 EV -39.4% below +0.0%
46,2026-10-10,2026-10-10T14:00:00+00:00,6,Aston Villa,Brentford,Spread,Brentford -0.5,-0.5,MyBookie.ag,mybookieag,2026-10-07T01:23:21Z,2026-10-07T01:24:19.040303+00:00,odds_api_mybookie_direct,2026-10-07 01:23:21+00:00,0.9875025833333332,FRESH,2.41,0.3532573396719906,0.3532573396719906,2.83079751698444,-0.1486498113905024,0.3660360364562556,0.3660360364562556,0.0,2.731971446531354,0.4149377593360995,0.3852040816326529,1,mybookie_devig_fallback,0.0319467419606623,-0.0191680451763973,NO_BET,-0.1178531521404239,-11.785315214042392,0.84,"Derived, live validation building",30.90180182281278,0.0,17.65817247017873,PASS,1.711528284910965,1.5953221354706535,1-1,V1.2,V2-shadow.4,0.35325733967199063,0.0,-0.14864981139050248,5.551115123125783e-17,False,RESEARCH_ONLY: V2 EV -14.9% below +0.0%
47,2026-10-12,2026-10-12T19:00:00+00:00,6,Coventry City,Newcastle,Moneyline,Coventry City,,MyBookie.ag,mybookieag,2026-10-07T01:23:21Z,2026-10-07T01:24:19.040303+00:00,odds_api_mybookie_direct,2026-10-07 01:23:21+00:00,0.9875025833333332,FRESH,3.2,0.3152408474661486,0.3152408474661486,3.1721777429474227,0.0087707118916755,0.3012209974012506,0.3012209974012506,0.0,3.3198216878218467,0.3125,0.2840856250997087,8,consensus_non_mybookie,0.0311552223664399,0.0171353723015419,NO_BET,-0.0360928083159979,-3.6092808315997926,0.88,"Derived, live validation building",30.694808414762896,0.0,17.539890522721652,PASS,1.3243734853700726,1.5609786516883826,1-1,V1.2,V2-shadow.4,0.3152408474661486,0.0,0.008770711891675553,0.0,True,ADMITTED: V1.2 and V2.3 agree
48,2026-10-10,2026-10-10T14:00:00+00:00,6,Sunderland,Brighton,Moneyline,Sunderland,,MyBookie.ag,mybookieag,2026-10-07T01:23:21Z,2026-10-07T01:24:19.040303+00:00,odds_api_mybookie_direct,2026-10-07 01:23:21+00:00,0.9875025833333332,FRESH,2.83,0.3382933220300731,0.3382933220300731,2.95601460294597,-0.042629898654893,0.3311547850604655,0.3311547850604655,0.0,3.0197359214284347,0.3533568904593639,0.322429906542056,8,consensus_non_mybookie,0.015863415488017,0.0087248785184094,NO_BET,-0.0628319582788826,-6.283195827888266,0.88,"Derived, live validation building",29.757739253023274,0.0,17.004422430299012,PASS,1.4041577697710648,1.5430447306007036,1-1,V1.2,V2-shadow.4,0.3382933220300731,0.0,-0.042629898654893084,0.0,False,RESEARCH_ONLY: V2 EV -4.3% below +0.0%
49,2026-10-11,2026-10-11T13:00:00+00:00,6,Hull City,Everton,Moneyline,Draw,,MyBookie.ag,mybookieag,2026-10-07T01:23:21Z,2026-10-07T01:24:19.040303+00:00,odds_api_mybookie_direct,2026-10-07 01:23:21+00:00,0.9875025833333332,FRESH,3.28,0.3012546542524719,0.3012546542524719,3.319450789835539,-0.0118847340518922,0.2920454752031365,0.2920454752031365,0.0,3.424124271415044,0.3048780487804878,0.2807898119206155,8,consensus_non_mybookie,0.0204648423318564,0.011255663282521,NO_BET,-0.0420908413337123,-4.209084133371233,0.88,"Derived, live validation building",29.18637652675717,0.0,16.677929443861238,PASS,1.2501010184685135,1.0561814651850812,1-1,V1.2,V2-shadow.4,0.3012546542524719,0.0,-0.011884734051892276,0.0,False,RESEARCH_ONLY: V2 EV -1.2% below +0.0%
50,2026-10-10,2026-10-10T14:00:00+00:00,6,Ipswich Town,Fulham,Moneyline,Ipswich Town,,MyBookie.ag,mybookieag,2026-10-07T01:23:21Z,2026-10-07T01:24:19.040303+00:00,odds_api_mybookie_direct,2026-10-07 01:23:21+00:00,0.9875025833333332,FRESH,2.75,0.2793160520569383,0.2793160520569383,3.5801737588506044,-0.2318808568434196,0.3074744204659461,0.3074744204659461,0.0,3.2523030647056816,0.3636363636363636,0.3418902040769556,8,consensus_non_mybookie,0.0625741520200173,-0.0344157836110095,NO_BET,-0.1544453437186481,-15.444534371864815,0.88,"Derived, live validation building",28.573721023297303,0.0,16.327840584741317,PASS,1.2756121150578648,1.7016459899608325,1-1,V1.2,V2-shadow.4,0.2793160520569383,0.0,-0.23188085684341964,0.0,False,RESEARCH_ONLY: V2 EV -23.2% below +0.0%
51,2026-10-10,2026-10-10T14:00:00+00:00,6,Sunderland,Brighton,Moneyline,Draw,,MyBookie.ag,mybookieag,2026-10-07T01:23:21Z,2026-10-07T01:24:19.040303+00:00,odds_api_mybookie_direct,2026-10-07 01:23:21+00:00,0.9875025833333332,FRESH,3.38,0.2618876258387776,0.2618876258387776,3.818431652878539,-0.1148198246649316,0.2663967036287169,0.2663967036287169,0.0,3.75380020239936,0.2958579881656805,0.2719077987053093,8,consensus_non_mybookie,0.0100201728665317,-0.0055110950765924,NO_BET,-0.0995791417349368,-9.957914173493688,0.88,"Derived, live validation building",26.519835181435848,0.0,15.154191532249056,PASS,1.4041577697710648,1.5430447306007036,1-1,V1.2,V2-shadow.4,0.2618876258387776,0.0,-0.11481982466493168,0.0,False,RESEARCH_ONLY: V2 EV -11.5% below +0.0%
52,2026-10-11,2026-10-11T13:00:00+00:00,6,Crystal Palace,Nott'm Forest,Moneyline,Draw,,MyBookie.ag,mybookieag,2026-10-07T01:23:21Z,2026-10-07T01:24:19.040303+00:00,odds_api_mybookie_direct,2026-10-07 01:23:21+00:00,0.9875025833333332,FRESH,3.2,0.2498761751539447,0.2498761751539447,4.001982179309076,-0.2003962395073769,0.2661284410614922,0.2661284410614922,0.0,3.757584104920743,0.3125,0.2859923216151615,8,consensus_non_mybookie,0.0361161464612168,-0.0198638805536692,NO_BET,-0.1483889886032248,-14.83889886032248,0.88,"Derived, live validation building",26.50642205307461,0.0,15.146526887471206,PASS,1.7601093221541944,1.2868222009334622,1-1,V1.2,V2-shadow.4,0.2498761751539447,0.0,-0.20039623950737695,0.0,False,RESEARCH_ONLY: V2 EV -20.0% below +0.0%
53,2026-10-12,2026-10-12T19:00:00+00:00,6,Coventry City,Newcastle,Moneyline,Draw,,MyBookie.ag,mybookieag,2026-10-07T01:23:21Z,2026-10-07T01:24:19.040303+00:00,odds_api_mybookie_direct,2026-10-07 01:23:21+00:00,0.9875025833333332,FRESH,3.5,0.2638649960943668,0.2638649960943668,3.789816818455022,-0.076472513669716,0.263601894781019,0.263601894781019,0.0,3.793599438390707,0.2857142857142857,0.2632803265091495,8,consensus_non_mybookie,0.0005846695852173,0.0003215682718695,NO_BET,-0.0773933682664334,-7.739336826643339,0.88,"Derived, live validation building",26.380094739050957,0.0,15.074339850886258,PASS,1.3243734853700726,1.5609786516883826,1-1,V1.2,V2-shadow.4,0.2638649960943668,0.0,-0.07647251366971608,0.0,False,RESEARCH_ONLY: V2 EV -7.6% below +0.0%
54,2026-10-10,2026-10-10T14:00:00+00:00,6,Ipswich Town,Fulham,Moneyline,Draw,,MyBookie.ag,mybookieag,2026-10-07T01:23:21Z,2026-10-07T01:24:19.040303+00:00,odds_api_mybookie_direct,2026-10-07 01:23:21+00:00,0.9875025833333332,FRESH,3.4,0.2546797062783507,0.2546797062783507,3.926500523394887,-0.1340889986536076,0.2607832365264662,0.2607832365264662,0.0,3.834602305422775,0.2941176470588235,0.2682431068297184,8,consensus_non_mybookie,0.0135634005513677,-0.0074598703032522,NO_BET,-0.113336995810015,-11.3336995810015,0.88,"Derived, live validation building",26.23916182632331,0.0,14.993806757899032,PASS,1.2756121150578648,1.7016459899608325,1-1,V1.2,V2-shadow.4,0.2546797062783507,0.0,-0.13408899865360768,0.0,False,RESEARCH_ONLY: V2 EV -13.4% below +0.0%
55,2026-10-10,2026-10-10T14:00:00+00:00,6,Aston Villa,Brentford,Moneyline,Draw,,MyBookie.ag,mybookieag,2026-10-07T01:23:21Z,2026-10-07T01:24:19.040303+00:00,odds_api_mybookie_direct,2026-10-07 01:23:21+00:00,0.9875025833333332,FRESH,3.44,0.2445942227416185,0.2445942227416185,4.088404005585888,-0.1585958737688324,0.2561018397773979,0.2561018397773979,0.0,3.904696666252744,0.2906976744186046,0.2701667050433505,8,consensus_non_mybookie,0.025572482301732,-0.0140648652659525,NO_BET,-0.1190096711657511,-11.900967116575112,0.88,"Derived, live validation building",26.0050919888699,0.0,14.860052565068512,PASS,1.711528284910965,1.5953221354706535,1-1,V1.2,V2-shadow.4,0.2445942227416185,0.0,-0.15859587376883244,0.0,False,RESEARCH_ONLY: V2 EV -15.9% below +0.0%
56,2026-10-11,2026-10-11T15:30:00+00:00,6,Liverpool,Man City,Moneyline,Draw,,MyBookie.ag,mybookieag,2026-10-07T01:23:21Z,2026-10-07T01:24:19.040303+00:00,odds_api_mybookie_direct,2026-10-07 01:23:21+00:00,0.9875025833333332,FRESH,3.6,0.2403376876254911,0.2403376876254911,4.160812271599539,-0.1347843245482319,0.247113127110035,0.247113127110035,0.0,4.046729575619501,0.2777777777777778,0.2553942198133664,8,consensus_non_mybookie,0.0150565321878753,-0.0082810927033314,NO_BET,-0.1103927424038738,-11.039274240387387,0.88,"Derived, live validation building",25.555656355501757,0.0,14.603232203143858,PASS,1.784191412051835,1.6078494387904512,1-1,V1.2,V2-shadow.4,0.2403376876254911,0.0,-0.13478432454823197,0.0,False,RESEARCH_ONLY: V2 EV -13.5% below +0.0%
57,2026-10-10,2026-10-10T11:30:00+00:00,6,Arsenal,Leeds,Moneyline,Draw,,MyBookie.ag,mybookieag,2026-10-07T01:23:21Z,2026-10-07T01:24:19.040303+00:00,odds_api_mybookie_direct,2026-10-07 01:23:21+00:00,0.9875025833333332,FRESH,4.6,0.2236192626531917,0.2236192626531917,4.471886670831606,0.0286486082046817,0.2084063367611456,0.2084063367611456,0.0,4.798318590216859,0.2173913043478261,0.1898127606708669,8,consensus_non_mybookie,0.0338065019823247,0.0185935760902786,NO_BET,-0.0413308508987303,-4.133085089873035,0.88,"Derived, live validation building",25.13741793077947,0.0,14.364238817588268,PASS,1.9909611581945903,0.8778019841215658,2-0,V1.2,V2-shadow.4,0.2236192626531917,0.0,0.028648608204681736,0.0,True,ADMITTED: V1.2 and V2.3 agree
58,2026-10-10,2026-10-10T14:00:00+00:00,6,Chelsea,Bournemouth,Moneyline,Draw,,MyBookie.ag,mybookieag,2026-10-07T01:23:21Z,2026-10-07T01:24:19.040303+00:00,odds_api_mybookie_direct,2026-10-07 01:23:21+00:00,0.9875025833333332,FRESH,4.1,0.2297728371320817,0.2297728371320817,4.352124526473789,-0.057931367758465,0.2292958525018528,0.2292958525018528,0.0,4.36117788040636,0.2439024390243902,0.2287128712871287,8,consensus_non_mybookie,0.0010599658449529,0.0005829812147241,NO_BET,-0.0598870047424032,-5.988700474240327,0.88,"Derived, live validation building",24.664792625092645,0.0,14.094167214338652,PASS,1.9673349671036573,1.6261671135470963,1-1,V1.2,V2-shadow.4,0.2297728371320817,0.0,-0.05793136775846508,0.0,False,RESEARCH_ONLY: V2 EV -5.8% below +0.0%
