Date,KickoffUTC,FPLGameweek,Season,HomeTeam,AwayTeam,ModelVersion,Lambda_Home_xG,Lambda_Away_xG,Lambda_Total_xG,DixonColes_Rho,P_HomeWin,P_Draw,P_AwayWin,P_BTTS_Yes,P_BTTS_No,RawP_Over0_5,RawP_Over1_5,RawP_Over2_5,CalP_Over2_5,CalP_Under2_5,FairOdds_Over2_5,FairOdds_Under2_5,RawP_Over3_5,RawP_Over4_5,MostLikelyScore,HomeAttackRating,HomeDefenseRating,AwayAttackRating,AwayDefenseRating,HomeRestDays,AwayRestDays,HomeMatchesLast14d,AwayMatchesLast14d,HomeExtraCongestionMatches,AwayExtraCongestionMatches,HomePreseasonMatches,AwayPreseasonMatches,HomePreseasonRawAvgGoalDiff,AwayPreseasonRawAvgGoalDiff,HomePreseasonAdjGoalDiff,AwayPreseasonAdjGoalDiff,HomePreseasonAvgOpponentWeight,AwayPreseasonAvgOpponentWeight,HomePreseasonKnownOpponentShare,AwayPreseasonKnownOpponentShare,RestComponentLogAdj,CongestionComponentLogAdj,PreseasonFormLogAdj,ContextLogAdjustment,V2_Lambda_Home_xG,V2_Lambda_Away_xG,V2_Lambda_Total_xG,V2_P_HomeWin,V2_P_Draw,V2_P_AwayWin,V2_P_BTTS_Yes,V2_P_Over2_5_Raw,V2_P_Under2_5_Raw,V2_MostLikelyScore,V2ContextAdjustmentApplied,BaselineModelVersion,ShadowMode,V2ValidationStatus
2026-10-10,2026-10-10T11:30:00+00:00,6,2026/27,Arsenal,Leeds,V2-shadow.4,2.012875051069326,0.8906616972677349,2.9035367483370607,-0.0749999999999999,0.6273885657020823,0.2217622140621967,0.15084922023572114,0.5182124775115272,0.4817875224884728,0.9377982273124194,0.7933435797809609,0.5548507345322331,0.5464077530797491,0.4535922469202509,1.8301350856821543,2.2046232200609386,0.33116176361490085,0.16878947680085749,2-0,0.32259041770441615,0.5242743864680143,0.10041597829058949,0.12251657073728969,21.0,20.0,0,0,0,0,0,0,0.0,0.0,0.0,0.0,0.0,0.0,0.0,0.0,0.0,0.0,0.0,0.0,2.012875051069326,0.8906616972677349,2.9035367483370607,0.6273885657020823,0.2217622140621967,0.15084922023572114,0.5182124775115272,0.5548507345322331,0.4451492654677669,2-0,False,V1.2,True,Experimental opponent-adjusted preseason + rest/congestion context; not used for production bets
2026-10-10,2026-10-10T14:00:00+00:00,6,2026/27,Aston Villa,Brentford,V2-shadow.4,1.7099177273459116,1.594364306764126,3.3042820341100376,-0.0749999999999999,0.40196000332225096,0.24471387114904372,0.3533261255287057,0.6603161000467924,0.3396838999532076,0.9557651195974699,0.8494315304411122,0.6414317180315141,0.6107046123680433,0.3892953876319567,1.63745283685093,2.5687435088375845,0.42060587865330945,0.23818816522214115,1-1,0.07628463263951227,0.04530034609354654,0.20370765338061822,0.03932960270583579,21.0,22.0,0,0,0,0,0,0,0.0,0.0,0.0,0.0,0.0,0.0,0.0,0.0,0.0,0.0,0.0,0.0,1.7099177273459116,1.594364306764126,3.3042820341100376,0.40196000332225096,0.24471387114904372,0.3533261255287057,0.6603161000467924,0.6414317180315141,0.3585682819684859,1-1,False,V1.2,True,Experimental opponent-adjusted preseason + rest/congestion context; not used for production bets
2026-10-10,2026-10-10T14:00:00+00:00,6,2026/27,Chelsea,Bournemouth,V2-shadow.4,1.9658262971467546,1.625377204933916,3.5912035020806705,-0.0749999999999999,0.4537941717589867,0.22987444690951578,0.3163313813314972,0.6972923825883672,0.30270761741163277,0.9658288530531144,0.8800475872598746,0.6956901023576446,0.6523923605198224,0.3476076394801776,1.5328199110167475,2.8768067396200747,0.48290925751319796,0.2918744287179334,1-1,0.2846010021206875,0.03176446079732122,0.2094365800019222,0.10817856449435646,22.0,20.0,0,0,0,0,0,0,0.0,0.0,0.0,0.0,0.0,0.0,0.0,0.0,0.0,0.0,0.0,0.0,1.9658262971467546,1.625377204933916,3.5912035020806705,0.4537941717589867,0.22987444690951578,0.3163313813314972,0.6972923825883672,0.6956901023576446,0.3043098976423554,1-1,False,V1.2,True,Experimental opponent-adjusted preseason + rest/congestion context; not used for production bets
2026-10-10,2026-10-10T14:00:00+00:00,6,2026/27,Ipswich Town,Fulham,V2-shadow.4,1.2752655843335174,1.7011962211891074,2.976461805522625,-0.0749999999999999,0.279306108943496,0.2547220948902902,0.46597179616621365,0.5974445602312688,0.4025554397687312,0.9407331826852765,0.8056017965934296,0.571514910749181,0.5586509856665156,0.4413490143334844,1.790026377214603,2.265780521817134,0.347493462545624,0.1807956414966859,1-1,-0.2102086497770865,-0.24961637891906435,-0.026352511539358144,0.04612711862643451,21.0,20.0,0,0,0,0,0,0,0.0,0.0,0.0,0.0,0.0,0.0,0.0,0.0,0.0,0.0,0.0,0.0,1.2752655843335174,1.7011962211891074,2.976461805522625,0.279306108943496,0.2547220948902902,0.46597179616621365,0.5974445602312688,0.571514910749181,0.42848508925081896,1-1,False,V1.2,True,Experimental opponent-adjusted preseason + rest/congestion context; not used for production bets
2026-10-10,2026-10-10T14:00:00+00:00,6,2026/27,Sunderland,Brighton,V2-shadow.4,1.4025781672997473,1.5416587562966215,2.944236923596369,-0.0749999999999999,0.33815928734864176,0.26204239093176734,0.399798321719591,0.6011913541374925,0.3988086458625075,0.9388206165753291,0.8009035407667837,0.564200859374865,0.5532722281039721,0.44672777189602786,1.807428512049005,2.238499737224176,0.3402763652056298,0.1754546742479544,1-1,-0.06724320145952585,0.04014828699522116,0.16493944247431494,0.09393493417901776,20.0,21.0,0,0,0,0,0,0,0.0,0.0,0.0,0.0,0.0,0.0,0.0,0.0,0.0,0.0,0.0,0.0,1.4025781672997473,1.5416587562966215,2.944236923596369,0.33815928734864176,0.26204239093176734,0.399798321719591,0.6011913541374925,0.564200859374865,0.43579914062513503,1-1,False,V1.2,True,Experimental opponent-adjusted preseason + rest/congestion context; not used for production bets
2026-10-10,2026-10-10T16:30:00+00:00,6,2026/27,Man United,Spurs,V2-shadow.4,2.02040628594723,1.2393157658524283,3.259722051799658,-0.0749999999999999,0.5473926676387838,0.22880555478991008,0.22380177757130618,0.6234255017706527,0.3765744982293473,0.9543893918537547,0.8436403163218459,0.632417069985776,0.6039085904214628,0.39609140957853717,1.6558797405119015,2.5246697500055717,0.41074286510962693,0.23009379162214227,1-1,0.20380839608566675,0.0935083701667522,0.0,0.0,20.0,,0,0,0,0,0,0,0.0,0.0,0.0,0.0,0.0,0.0,0.0,0.0,0.0,0.0,0.0,0.0,2.02040628594723,1.2393157658524283,3.259722051799658,0.5473926676387838,0.22880555478991008,0.22380177757130618,0.6234255017706527,0.632417069985776,0.36758293001422404,1-1,False,V1.2,True,Experimental opponent-adjusted preseason + rest/congestion context; not used for production bets
2026-10-11,2026-10-11T13:00:00+00:00,6,2026/27,Crystal Palace,Nott'm Forest,V2-shadow.4,1.7585400345895952,1.2859587679504172,3.044498802540012,-0.0749999999999999,0.47735088717795154,0.25001328236409526,0.2726358304579531,0.6070148145001356,0.3929851854998644,0.944303025127811,0.8154764360492992,0.5867041300915997,0.5698518934598148,0.4301481065401852,1.7548419360837286,2.324780662277722,0.3627349367459507,0.1922664515092805,1-1,0.12757383271819778,0.01316111556890882,-0.043402117129803436,0.06258012047665008,21.0,22.0,0,0,0,0,0,0,0.0,0.0,0.0,0.0,0.0,0.0,0.0,0.0,0.0,0.0,0.0,0.0,1.7585400345895952,1.2859587679504172,3.044498802540012,0.47735088717795154,0.25001328236409526,0.2726358304579531,0.6070148145001356,0.5867041300915997,0.4132958699084003,1-1,False,V1.2,True,Experimental opponent-adjusted preseason + rest/congestion context; not used for production bets
2026-10-11,2026-10-11T13:00:00+00:00,6,2026/27,Hull City,Everton,V2-shadow.4,1.2500599812702895,1.0563458458894592,2.3064058271597485,-0.0749999999999999,0.3970859503344944,0.301249360923832,0.30166468874167357,0.4752728435218188,0.5247271564781812,0.8905153820923668,0.68048621165413,0.40565912140745203,0.4368228943225304,0.5631771056774696,2.289257300835622,1.7756403623635546,0.20195648314961737,0.08450124517819617,1-1,-0.18545741421487472,0.17999159953293112,-0.07326055897728585,0.09084127736615923,22.0,22.0,0,0,0,0,0,0,0.0,0.0,0.0,0.0,0.0,0.0,0.0,0.0,0.0,0.0,0.0,0.0,1.2500599812702895,1.0563458458894592,2.3064058271597485,0.3970859503344944,0.301249360923832,0.30166468874167357,0.4752728435218188,0.40565912140745203,0.5943408785925479,1-1,False,V1.2,True,Experimental opponent-adjusted preseason + rest/congestion context; not used for production bets
2026-10-11,2026-10-11T15:30:00+00:00,6,2026/27,Liverpool,Man City,V2-shadow.4,1.7830513780921644,1.607323291744564,3.3903746698367283,-0.0749999999999999,0.4163197419925356,0.24041552928088356,0.3432647287265808,0.6723906051503237,0.3276093948496763,0.9590609752333443,0.8593039786114742,0.6583983881373535,0.6235853746992166,0.3764146253007834,1.6036296561354493,2.6566449143704904,0.4395352966492202,0.2540283262633385,1-1,0.32147757279701317,0.19252850908040897,0.3590309570393316,0.24264164556018092,21.0,21.0,0,0,0,0,0,0,0.0,0.0,0.0,0.0,0.0,0.0,0.0,0.0,0.0,0.0,0.0,0.0,1.7830513780921644,1.607323291744564,3.3903746698367283,0.4163197419925356,0.24041552928088356,0.3432647287265808,0.6723906051503237,0.6583983881373535,0.3416016118626465,1-1,False,V1.2,True,Experimental opponent-adjusted preseason + rest/congestion context; not used for production bets
2026-10-12,2026-10-12T19:00:00+00:00,6,2026/27,Coventry City,Newcastle,V2-shadow.4,1.322940664113014,1.5598068090121224,2.8827474731251366,-0.0749999999999999,0.31509381624208915,0.26400067949529266,0.42090550426261825,0.588116877733527,0.41188312226647295,0.935355337869077,0.7913045531382487,0.5500339459025849,0.5428758538425811,0.4571241461574189,1.8420417723901426,2.1875895386537554,0.3265184438228326,0.16543375661665735,1-1,-0.17858139567762263,0.03564266195070767,0.17213683941327493,0.041051796454414424,23.0,23.0,0,0,0,0,0,0,0.0,0.0,0.0,0.0,0.0,0.0,0.0,0.0,0.0,0.0,0.0,0.0,1.322940664113014,1.5598068090121224,2.8827474731251366,0.31509381624208915,0.26400067949529266,0.42090550426261825,0.588116877733527,0.5500339459025849,0.4499660540974151,1-1,False,V1.2,True,Experimental opponent-adjusted preseason + rest/congestion context; not used for production bets
